scenario,seed,model,horizon,n,mae,coverage,mean_width,bias
cutting→platô,0,Combinação Kalman + Holt,1,38,0.32155152052420466,0.9210526315789473,1.665039937099695,0.0076865884074020655
cutting→platô,0,"GPR (linear + RBF, 60d)",1,38,0.3186426240837992,0.9210526315789473,1.6193598565120346,0.0161193911821906
cutting→platô,0,Holt amortecido,1,38,0.32055835961332274,0.9473684210526315,1.6839504529727722,-0.016411882005234708
cutting→platô,0,Kalman (tendência suave),1,38,0.32870217645349137,0.9210526315789473,1.6105755582462273,0.03178505882003734
cutting→platô,0,Média móvel 7d,1,38,0.3772681704260653,0.9210526315789473,1.679173608733043,-0.15345864661653957
cutting→platô,0,Regressão linear 28d,1,38,0.32202226241313153,0.9210526315789473,1.7973054454781545,0.02534663026165948
cutting→platô,0,Último valor,1,38,0.4921052631578937,0.8947368421052632,2.06557744931902,-0.1342105263157886
cutting→platô,0,Combinação Kalman + Holt,7,36,0.36646459690330485,0.9722222222222222,1.8532053586068113,-0.002426740339415861
cutting→platô,0,"GPR (linear + RBF, 60d)",7,36,0.3222723423901428,0.9444444444444444,1.6961767641485845,0.034143395843592036
cutting→platô,0,Holt amortecido,7,36,0.3636290871020517,0.9722222222222222,1.8709399056210738,-0.045830220539856095
cutting→platô,0,Kalman (tendência suave),7,36,0.37832648461208745,0.9166666666666666,1.743042517563559,0.04097673986102319
cutting→platô,0,Média móvel 7d,7,36,0.5434126984126971,0.6944444444444444,1.6849422081904042,-0.36677248677248603
cutting→platô,0,Regressão linear 28d,7,36,0.3638159988162168,0.8888888888888888,1.9033467885844146,0.043516789960835446
cutting→platô,0,Último valor,7,36,0.5444444444444435,1.0,5.453654275114122,-0.3222222222222213
cutting→platô,0,Combinação Kalman + Holt,14,38,0.3337568421028216,1.0,2.337296166405306,0.10185094184386663
cutting→platô,0,"GPR (linear + RBF, 60d)",14,38,0.36090450971406984,0.9736842105263158,1.8717894417452072,0.147164966390136
cutting→platô,0,Holt amortecido,14,38,0.3475622111423129,1.0,2.4333641357454745,0.011573805923145573
cutting→platô,0,Kalman (tendência suave),14,38,0.36933242253237164,0.9210526315789473,1.9874785271929678,0.19212807776459104
cutting→platô,0,Média móvel 7d,14,38,0.7088095238095218,0.6052631578947368,1.6931126809814123,-0.5063283208020039
cutting→platô,0,Regressão linear 28d,14,38,0.35226419166752193,1.0,2.05073322873813,0.18885287542708384
cutting→platô,0,Último valor,14,38,0.6263157894736837,1.0,7.7431158289129005,-0.3526315789473671
cutting→platô,0,Combinação Kalman + Holt,30,37,0.7352260499265949,0.9459459459459459,4.303345696634952,0.3507891834939977
cutting→platô,0,"GPR (linear + RBF, 60d)",30,37,0.7047981982268189,0.8378378378378378,2.4995977320291844,0.4350033550213564
cutting→platô,0,Holt amortecido,30,37,0.6919409778535358,0.972972972972973,4.700127330441738,0.054488932987573825
cutting→platô,0,Kalman (tendência suave),30,37,0.8735784294956878,0.7027027027027027,2.7436128549710284,0.6470894340004231
cutting→platô,0,Média móvel 7d,30,37,1.239639639639639,0.4864864864864865,1.6823079236445728,-0.937709137709137
cutting→platô,0,Regressão linear 28d,30,37,0.893000787908788,0.7297297297297297,2.466181408766407,0.7029371574534419
cutting→platô,0,Último valor,30,37,1.1540540540540538,1.0,11.319405357620616,-0.8513513513513505
cutting→platô,1,Combinação Kalman + Holt,1,41,0.22456364163047327,1.0,1.5682770579734029,0.008576329279869017
cutting→platô,1,"GPR (linear + RBF, 60d)",1,41,0.23614956063498968,0.975609756097561,1.4100152357216884,0.016501664895839294
cutting→platô,1,Holt amortecido,1,41,0.23636778652697488,1.0,1.5952641576970257,-0.028887630001261478
cutting→platô,1,Kalman (tendência suave),1,41,0.22351117262130407,1.0,1.5097954356938588,0.04604028856099778
cutting→platô,1,Média móvel 7d,1,41,0.29422764227642206,0.975609756097561,1.539308482536443,-0.1252845528455289
cutting→platô,1,Regressão linear 28d,1,41,0.22332070386477232,1.0,1.4277254296300304,0.03649359664207868
cutting→platô,1,Último valor,1,41,0.37560975609755975,0.975609756097561,2.1073484170950185,0.004878048780488221
cutting→platô,1,Combinação Kalman + Holt,7,40,0.2688771590427347,1.0,1.8133528864714559,0.030220629197429006
cutting→platô,1,"GPR (linear + RBF, 60d)",7,40,0.2713594690621289,0.975,1.5232030431477852,0.054842762323731975
cutting→platô,1,Holt amortecido,7,40,0.28467207002099676,1.0,1.8474546253040487,-0.04735653132561346
cutting→platô,1,Kalman (tendência suave),7,40,0.27076328518633125,0.95,1.6566897191837455,0.10779778972046934
cutting→platô,1,Média móvel 7d,7,40,0.46691666666666587,0.75,1.551169805748146,-0.2930357142857137
cutting→platô,1,Regressão linear 28d,7,40,0.25581538584790986,0.975,1.5105853028499403,0.09049114212501017
cutting→platô,1,Último valor,7,40,0.4724999999999987,1.0,5.616430124860151,-0.17249999999999943
cutting→platô,1,Combinação Kalman + Holt,14,41,0.41252794178123403,0.975609756097561,2.299466099023723,0.11461539665034251
cutting→platô,1,"GPR (linear + RBF, 60d)",14,41,0.42412192917326036,0.8780487804878049,1.7229343502035812,0.16720799374074635
cutting→platô,1,Holt amortecido,14,41,0.43845987353967736,0.975609756097561,2.333242083530309,-0.033231197493830744
cutting→platô,1,Kalman (tendência suave),14,41,0.45258242690037015,0.8292682926829268,1.9310238553507846,0.26246199079451504
cutting→platô,1,Média móvel 7d,14,41,0.7148780487804886,0.6097560975609756,1.5641398989586108,-0.4390824622531945
cutting→platô,1,Regressão linear 28d,14,41,0.4347584596685041,0.8292682926829268,1.663715573343769,0.24260156412002093
cutting→platô,1,Último valor,14,41,0.6536585365853654,1.0,7.978817707885003,-0.3121951219512191
cutting→platô,1,Combinação Kalman + Holt,30,37,0.7696668090591988,1.0,3.8006155009957876,0.2745549242386105
cutting→platô,1,"GPR (linear + RBF, 60d)",30,37,0.8100670872911973,0.7027027027027027,2.1839347043086166,0.4712406733972015
cutting→platô,1,Holt amortecido,30,37,0.7888796204253158,0.918918918918919,3.8383908482525366,-0.14189548520151887
cutting→platô,1,Kalman (tendência suave),30,37,0.9259600862504306,0.7027027027027027,2.505713466946788,0.6910053336787417
cutting→platô,1,Média móvel 7d,30,37,1.296486486486487,0.4594594594594595,1.584170913836636,-1.1008622908622927
cutting→platô,1,Regressão linear 28d,30,37,0.8846991305252422,0.6486486486486487,2.020032742998911,0.6487037203105717
cutting→platô,1,Último valor,30,37,1.1918918918918913,1.0,11.772168528603585,-0.9432432432432438
cutting→platô,2,Combinação Kalman + Holt,1,41,0.36123207582913297,0.9024390243902439,1.7306763240953922,-0.037290333442108366
cutting→platô,2,"GPR (linear + RBF, 60d)",1,41,0.36824983391516547,0.9024390243902439,1.6096837087505613,-0.04348814417424069
cutting→platô,2,Holt amortecido,1,41,0.35714332932880494,0.9024390243902439,1.7596560962284102,-0.04977826812607519
cutting→platô,2,Kalman (tendência suave),1,41,0.37056691603528347,0.9024390243902439,1.6740998115519021,-0.024802398758142923
cutting→platô,2,Média móvel 7d,1,41,0.4141811846689901,0.8536585365853658,1.7581743634562874,-0.15728222996515778
cutting→platô,2,Regressão linear 28d,1,41,0.34163400228442137,0.926829268292683,1.753392692277233,-0.015229594542873315
cutting→platô,2,Último valor,1,41,0.4463414634146323,0.926829268292683,2.1138088136406554,-0.09512195121951234
cutting→platô,2,Combinação Kalman + Holt,7,35,0.5088022555339328,0.8571428571428571,2.052093023950918,-0.07999182891635062
cutting→platô,2,"GPR (linear + RBF, 60d)",7,35,0.5052888436057718,0.8285714285714286,1.7562113234560537,-0.061741970601932344
cutting→platô,2,Holt amortecido,7,35,0.5212308929523572,0.8571428571428571,2.142120648621732,-0.12267589047731876
cutting→platô,2,Kalman (tendência suave),7,35,0.4989046007980351,0.8285714285714286,1.8644669490222456,-0.0373077673553837
cutting→platô,2,Média móvel 7d,7,35,0.6417346938775511,0.6571428571428571,1.7674059872341186,-0.33031972789115766
cutting→platô,2,Regressão linear 28d,7,35,0.4852733699728706,0.8285714285714286,1.8602478849203805,-0.01452342762432782
cutting→platô,2,Último valor,7,35,0.7171428571428553,1.0,5.598868007582349,-0.32857142857142857
cutting→platô,2,Combinação Kalman + Holt,14,37,0.5719109841245826,0.972972972972973,2.7164958089000417,-0.03777301913403504
cutting→platô,2,"GPR (linear + RBF, 60d)",14,37,0.46117649858716486,0.918918918918919,1.931435922472812,-0.010646255351966184
cutting→platô,2,Holt amortecido,14,37,0.5763116232542058,0.972972972972973,2.9484971757252945,-0.13311121911557447
cutting→platô,2,Kalman (tendência suave),14,37,0.5675103449949582,0.8918918918918919,2.1286306155434156,0.05756518084750708
cutting→platô,2,Média móvel 7d,14,37,0.8140540540540545,0.6486486486486487,1.7620360848967924,-0.6203989703989716
cutting→platô,2,Regressão linear 28d,14,37,0.5381400921842064,0.8918918918918919,2.0266613371721514,0.10031459752346104
cutting→platô,2,Último valor,14,37,0.7621621621621615,1.0,7.964433213807048,-0.5135135135135147
cutting→platô,2,Combinação Kalman + Holt,30,27,0.8306465151666181,1.0,4.974566699961612,0.26041370370505645
cutting→platô,2,"GPR (linear + RBF, 60d)",30,27,0.6308781643797238,0.8518518518518519,2.5364343024244587,0.37706938211404356
cutting→platô,2,Holt amortecido,30,27,0.8123643193942022,1.0,5.47921768482454,-0.001823255498903917
cutting→platô,2,Kalman (tendência suave),30,27,0.9127740468503236,0.7777777777777778,3.16170298615319,0.5226506629090153
cutting→platô,2,Média móvel 7d,30,27,1.1702998236331543,0.5925925925925926,1.7730739268075622,-0.8103880070546763
cutting→platô,2,Regressão linear 28d,30,27,0.8475063670902871,0.7407407407407407,2.478941904894341,0.6167431809257985
cutting→platô,2,Último valor,30,27,1.1148148148148136,1.0,11.662344071889425,-0.7814814814814823
cutting→platô,3,Combinação Kalman + Holt,1,43,0.30681778241013974,0.9302325581395349,1.4234203729225836,-0.01891145344789395
cutting→platô,3,"GPR (linear + RBF, 60d)",1,43,0.3066934538374341,0.9069767441860465,1.3680716804386563,-0.014024295264775001
cutting→platô,3,Holt amortecido,1,43,0.3322769003735791,0.9069767441860465,1.4238959491342333,-0.058419478515601926
cutting→platô,3,Kalman (tendência suave),1,43,0.29746057428606915,0.9302325581395349,1.3880691089304034,0.02059657161981502
cutting→platô,3,Média móvel 7d,1,43,0.4021483942414152,0.8604651162790697,1.508119093413216,-0.17439645625691932
cutting→platô,3,Regressão linear 28d,1,43,0.314688352975584,0.9302325581395349,1.4891821130511567,0.0007091004612967682
cutting→platô,3,Último valor,1,43,0.3790697674418588,0.9069767441860465,1.8466956172938203,-0.04883720930232479
cutting→platô,3,Combinação Kalman + Holt,7,40,0.3845114842638345,0.925,1.6076900681361632,0.08852888214658705
cutting→platô,3,"GPR (linear + RBF, 60d)",7,40,0.3805873896803966,0.9,1.4766209367921277,0.07350555950122413
cutting→platô,3,Holt amortecido,7,40,0.4076594272090137,0.9,1.571616989512539,0.010945083619793294
cutting→platô,3,Kalman (tendência suave),7,40,0.39199604316113684,0.9,1.531777787962816,0.1661126806733801
cutting→platô,3,Média móvel 7d,7,40,0.5718809523809508,0.725,1.504813433691958,-0.2759285714285692
cutting→platô,3,Regressão linear 28d,7,40,0.3907733585873007,0.925,1.5696667086738265,0.13881170152415373
cutting→platô,3,Último valor,7,40,0.5024999999999988,1.0,4.885058816824775,-0.13749999999999893
cutting→platô,3,Combinação Kalman + Holt,14,40,0.38233536167780857,0.925,1.9863473896889263,0.11337578330525915
cutting→platô,3,"GPR (linear + RBF, 60d)",14,40,0.4617154057077322,0.85,1.6301086177860284,0.10399731397686622
cutting→platô,3,Holt amortecido,14,40,0.4226410007133879,0.925,1.9082244711587335,-0.026787462660893623
cutting→platô,3,Kalman (tendência suave),14,40,0.39301088007567664,0.875,1.7667407176739816,0.2535390292714116
cutting→platô,3,Média móvel 7d,14,40,0.7872380952380954,0.55,1.5093451205870316,-0.537238095238094
cutting→platô,3,Regressão linear 28d,14,40,0.34194909192604184,0.9,1.702864994901796,0.23531640749120583
cutting→platô,3,Último valor,14,40,0.7300000000000011,1.0,6.919200456210302,-0.45499999999999974
cutting→platô,3,Combinação Kalman + Holt,30,34,0.6748686973827878,0.9117647058823529,3.3370490748204924,0.33457390582791896
cutting→platô,3,"GPR (linear + RBF, 60d)",30,34,0.7486523498311771,0.7352941176470589,2.156265389830869,0.3102023450115309
cutting→platô,3,Holt amortecido,30,34,0.7095749708612139,0.8823529411764706,3.1036078214571736,-0.04295851795316916
cutting→platô,3,Kalman (tendência suave),30,34,0.840779206173342,0.6764705882352942,2.52592472243631,0.7121063296090113
cutting→platô,3,Média móvel 7d,30,34,1.2569047619047609,0.47058823529411764,1.5095498600129138,-1.074411764705881
cutting→platô,3,Regressão linear 28d,30,34,0.75354238128017,0.6764705882352942,2.0522942873575545,0.6783061272353672
cutting→platô,3,Último valor,30,34,1.2029411764705884,1.0,10.142933211847716,-0.9382352941176464
cutting→platô,4,Combinação Kalman + Holt,1,44,0.2592749454858737,1.0,1.529125740961875,0.07766662860920609
cutting→platô,4,"GPR (linear + RBF, 60d)",1,44,0.2503773223440071,0.9772727272727273,1.4483285478359595,0.07573937516263256
cutting→platô,4,Holt amortecido,1,44,0.26122336714612165,0.9772727272727273,1.5023669170351637,0.044936551481688784
cutting→platô,4,Kalman (tendência suave),1,44,0.27760943191942483,1.0,1.5089118674501352,0.11039670573672243
cutting→platô,4,Média móvel 7d,1,44,0.2604653679653708,0.9772727272727273,1.553814744532607,-0.06392857142857138
cutting→platô,4,Regressão linear 28d,1,44,0.26528088333428035,1.0,1.5736646857619734,0.09328671013904097
cutting→platô,4,Último valor,1,44,0.3795454545454543,0.9772727272727273,2.0302104156324945,0.05227272727272753
cutting→platô,4,Combinação Kalman + Holt,7,42,0.3282319267640549,0.9523809523809523,1.6536211838159385,0.06535245496670446
cutting→platô,4,"GPR (linear + RBF, 60d)",7,42,0.32466946469384184,0.9523809523809523,1.535939457064689,0.06157433787599282
cutting→platô,4,Holt amortecido,7,42,0.3099900380255053,0.9523809523809523,1.5440738399887468,0.008083656952522793
cutting→platô,4,Kalman (tendência suave),7,42,0.3637332323238995,0.9285714285714286,1.657691569659562,0.12262125298088614
cutting→platô,4,Média móvel 7d,7,42,0.4726077097505681,0.8333333333333334,1.5580642788645687,-0.26501133786848063
cutting→platô,4,Regressão linear 28d,7,42,0.33206738503424676,0.9523809523809523,1.6668936713273805,0.1149896236412211
cutting→platô,4,Último valor,7,42,0.40952380952380923,1.0,5.372038067888331,-0.14285714285714285
cutting→platô,4,Combinação Kalman + Holt,14,39,0.351280084855338,0.9487179487179487,1.946493512409404,0.03999274870757611
cutting→platô,4,"GPR (linear + RBF, 60d)",14,39,0.3594522213624673,0.9487179487179487,1.7171213576350728,0.015432453149860347
cutting→platô,4,Holt amortecido,14,39,0.34188525464266933,0.9230769230769231,1.7314117328907235,-0.06240819010574993
cutting→platô,4,Kalman (tendência suave),14,39,0.3693056771931268,0.9487179487179487,1.9112809115421454,0.14239368752090106
cutting→platô,4,Média móvel 7d,14,39,0.6866056166056183,0.5897435897435898,1.5650330460460695,-0.5623076923076917
cutting→platô,4,Regressão linear 28d,14,39,0.35725911226778534,0.9487179487179487,1.7986441069018677,0.14307939019143026
cutting→platô,4,Último valor,14,39,0.6692307692307684,1.0,7.592913295279536,-0.4589743589743591
cutting→platô,4,Combinação Kalman + Holt,30,34,0.712190069003524,0.8823529411764706,3.163554069412151,0.28502705454681004
cutting→platô,4,"GPR (linear + RBF, 60d)",30,34,0.7479995585507875,0.7941176470588235,2.4254409017691834,0.319564982186978
cutting→platô,4,Holt amortecido,30,34,0.6738066820431908,0.8529411764705882,2.6462172550252605,-0.04391748605864704
cutting→platô,4,Kalman (tendência suave),30,34,0.8825365293711376,0.7352941176470589,2.7496311447279926,0.6139715951522684
cutting→platô,4,Média móvel 7d,30,34,1.1464985994397787,0.5294117647058824,1.5598627457261234,-0.9670588235294129
cutting→platô,4,Regressão linear 28d,30,34,0.8071805973349401,0.6470588235294118,2.1512531390015197,0.592033052905672
cutting→platô,4,Último valor,30,34,1.0558823529411767,1.0,11.144200200548989,-0.8323529411764717
bulk,0,Combinação Kalman + Holt,1,38,0.34936404272783617,0.9210526315789473,1.8227599365503873,-0.004254830392735255
bulk,0,"GPR (linear + RBF, 60d)",1,38,0.3491712733449825,0.9210526315789473,1.8030454215039429,0.04622317030078187
bulk,0,Holt amortecido,1,38,0.3540444693596012,0.9210526315789473,1.872141601068898,0.028707895091265437
bulk,0,Kalman (tendência suave),1,38,0.3492658139360007,0.9210526315789473,1.7341708638346034,-0.03721755587673333
bulk,0,Média móvel 7d,1,38,0.3363784461152877,0.9210526315789473,1.8706551123189172,0.12680451127819742
bulk,0,Regressão linear 28d,1,38,0.3667125572156187,0.9210526315789473,2.01966056990531,-0.03448125867041833
bulk,0,Último valor,1,38,0.5236842105263149,0.9210526315789473,2.291488743740417,-0.08684210526315632
bulk,0,Combinação Kalman + Holt,7,36,0.3834354831442389,0.9444444444444444,1.971511194470737,0.012713820611022837
bulk,0,"GPR (linear + RBF, 60d)",7,36,0.4249652478348074,0.8888888888888888,1.8650474318084902,0.08582875121910523
bulk,0,Holt amortecido,7,36,0.40528299042132687,0.9444444444444444,2.0702380734022756,0.0870175573214485
bulk,0,Kalman (tendência suave),7,36,0.37494818590003276,0.9166666666666666,1.7545431552686093,-0.0615899160994044
bulk,0,Média móvel 7d,7,36,0.4640873015873023,0.8611111111111112,1.8773938218382784,0.34591269841269917
bulk,0,Regressão linear 28d,7,36,0.42368659416640814,0.9444444444444444,2.140064240540097,-0.05769488487046696
bulk,0,Último valor,7,36,0.5416666666666671,1.0,6.043455165847308,0.16388888888889022
bulk,0,Combinação Kalman + Holt,14,38,0.33336951230432166,0.9736842105263158,2.2939059134462845,0.1378888961256009
bulk,0,"GPR (linear + RBF, 60d)",14,38,0.38839314122791874,0.9210526315789473,1.9661854178678608,0.24971653600801266
bulk,0,Holt amortecido,14,38,0.3816516221938103,0.9736842105263158,2.4834498485012246,0.2789903562769873
bulk,0,Kalman (tendência suave),14,38,0.3319973442892755,0.9736842105263158,1.7875945251135537,-0.003212564025785531
bulk,0,Média móvel 7d,14,38,0.7006265664160398,0.7105263157894737,1.88363503838011,0.7006265664160398
bulk,0,Regressão linear 28d,14,38,0.3309706635329291,1.0,2.30417360175852,0.01299687628858424
bulk,0,Último valor,14,38,0.700000000000001,1.0,8.57748023606101,0.6315789473684215
bulk,0,Combinação Kalman + Holt,30,37,0.5930942163301457,0.972972972972973,3.481649596732321,0.3546506703439322
bulk,0,"GPR (linear + RBF, 60d)",30,37,0.7594667120161492,0.7297297297297297,2.3352501401155177,0.5466910837970934
bulk,0,Holt amortecido,30,37,0.8698551968360078,0.9459459459459459,3.9283324123025847,0.6621961561282066
bulk,0,Kalman (tendência suave),30,37,0.41716395701365894,0.918918918918919,1.9061717768717148,0.04710518455965907
bulk,0,Média móvel 7d,30,37,1.3780051480051476,0.21621621621621623,1.8740239612724696,1.3753796653796653
bulk,0,Regressão linear 28d,30,37,0.5969395032766788,0.9459459459459459,2.7645165462665395,0.10050016473290323
bulk,0,Último valor,30,37,1.2864864864864851,1.0,12.526740381068201,1.2162162162162158
bulk,1,Combinação Kalman + Holt,1,41,0.2407828239025013,0.975609756097561,1.7170634559222904,0.031009788520042627
bulk,1,"GPR (linear + RBF, 60d)",1,41,0.24389231734224692,0.9512195121951219,1.578072235800295,0.05397775960098619
bulk,1,Holt amortecido,1,41,0.2501342057025843,0.975609756097561,1.7780320259795799,0.04613740020780125
bulk,1,Kalman (tendência suave),1,41,0.23475703690244787,0.975609756097561,1.6366367861843165,0.015882176832282612
bulk,1,Média móvel 7d,1,41,0.2824854819976741,0.975609756097561,1.6736051258487044,0.15535423925667663
bulk,1,Regressão linear 28d,1,41,0.2539086015997168,0.9512195121951219,1.619701141533053,0.005383829018764972
bulk,1,Último valor,1,41,0.43902439024390244,1.0,2.3939475430701234,0.08292682926829213
bulk,1,Combinação Kalman + Holt,7,40,0.25341518100964533,1.0,1.823125682428786,0.05061510192472056
bulk,1,"GPR (linear + RBF, 60d)",7,40,0.26041028310244024,0.95,1.636355850007049,0.08729708566101912
bulk,1,Holt amortecido,7,40,0.27519769013985956,1.0,1.9220096010919725,0.08705767730451974
bulk,1,Kalman (tendência suave),7,40,0.23908891222804982,0.975,1.6657268348803356,0.014172526544922449
bulk,1,Média móvel 7d,7,40,0.42183333333333195,0.85,1.6851180487467736,0.39016666666666566
bulk,1,Regressão linear 28d,7,40,0.2696737855159121,1.0,1.7170051502595534,-0.009736519467457327
bulk,1,Último valor,7,40,0.48250000000000026,1.0,6.383049650643799,0.317499999999999
bulk,1,Combinação Kalman + Holt,14,41,0.29471885928117625,0.975609756097561,2.041117236254415,0.14737173611204196
bulk,1,"GPR (linear + RBF, 60d)",14,41,0.3494156531981111,0.975609756097561,1.6882553581285609,0.18350075674258695
bulk,1,Holt amortecido,14,41,0.3265309748710479,0.975609756097561,2.251941970702685,0.19983037238126453
bulk,1,Kalman (tendência suave),14,41,0.27550086354262177,0.975609756097561,1.7037172256099495,0.09491309984281975
bulk,1,Média móvel 7d,14,41,0.7171196283391388,0.6829268292682927,1.6974851947937641,0.7171196283391388
bulk,1,Regressão linear 28d,14,41,0.2991308628555445,0.9512195121951219,1.8794566599037108,0.022737381252458885
bulk,1,Último valor,14,41,0.7048780487804872,1.0,9.06061166052045,0.6317073170731702
bulk,1,Combinação Kalman + Holt,30,37,0.391169599923901,1.0,3.027078150385316,0.22460803936438944
bulk,1,"GPR (linear + RBF, 60d)",30,37,0.4925888515145564,0.8918918918918919,1.9019776388341394,0.3045436864482577
bulk,1,Holt amortecido,30,37,0.5036546849736404,1.0,3.522573994993637,0.4041831165813513
bulk,1,Kalman (tendência suave),30,37,0.317015292616954,0.972972972972973,1.8301059598609806,0.045032962147427566
bulk,1,Média móvel 7d,30,37,1.2801930501930496,0.16216216216216217,1.7407985518250808,1.2801930501930496
bulk,1,Regressão linear 28d,30,37,0.45633163903758295,0.9459459459459459,2.278560156261473,-0.054291914136154515
bulk,1,Último valor,30,37,1.1918918918918913,1.0,13.364807265586379,1.1918918918918913
bulk,2,Combinação Kalman + Holt,1,41,0.36310673462068344,0.9024390243902439,1.8596435924430792,-0.004212706568036244
bulk,2,"GPR (linear + RBF, 60d)",1,41,0.3708535053232292,0.9024390243902439,1.7885613096739545,-0.009235601773704062
bulk,2,Holt amortecido,1,41,0.3726003918410428,0.9024390243902439,1.882047660567764,0.03969200114509701
bulk,2,Kalman (tendência suave),1,41,0.3608089736387263,0.9024390243902439,1.7902495125448024,-0.04811741428117123
bulk,2,Média móvel 7d,1,41,0.4016027874564463,0.9024390243902439,1.90969773592701,0.0987572590011613
bulk,2,Regressão linear 28d,1,41,0.3706972134074266,0.9024390243902439,1.954349318024792,-0.05954449366175205
bulk,2,Último valor,1,41,0.4804878048780489,0.9512195121951219,2.3496436320362686,-0.03170731707317136
bulk,2,Combinação Kalman + Holt,7,35,0.45286595984978695,0.9142857142857143,1.979398330794059,0.001458372089918011
bulk,2,"GPR (linear + RBF, 60d)",7,35,0.4650384177996971,0.9142857142857143,1.8838527953404203,-0.008366268261294505
bulk,2,Holt amortecido,7,35,0.46008220119465926,0.9714285714285714,2.0304015078390996,0.07816740776476447
bulk,2,Kalman (tendência suave),7,35,0.462730866515804,0.9142857142857143,1.8222738703431016,-0.07525066358492763
bulk,2,Média móvel 7d,7,35,0.5103877551020417,0.8285714285714286,1.91395981100455,0.29697278911564606
bulk,2,Regressão linear 28d,7,35,0.5068007140846414,0.8857142857142857,2.0722933158320878,-0.11538689975399694
bulk,2,Último valor,7,35,0.677142857142858,1.0,6.225396773162376,0.09999999999999959
bulk,2,Combinação Kalman + Holt,14,37,0.36929189927337686,0.918918918918919,2.1752825316601294,0.06390953774880173
bulk,2,"GPR (linear + RBF, 60d)",14,37,0.3702766545663275,0.918918918918919,2.0045031316405577,0.052397021452397385
bulk,2,Holt amortecido,14,37,0.42193309604622153,0.918918918918919,2.2013773871877405,0.22464193370683191
bulk,2,Kalman (tendência suave),14,37,0.4019798648670994,1.0,1.8777234435862902,-0.09682285820922962
bulk,2,Média móvel 7d,14,37,0.5666151866151873,0.8648648648648649,1.9226260676922486,0.5473359073359079
bulk,2,Regressão linear 28d,14,37,0.43712807980373336,0.9459459459459459,2.2518311766258607,-0.11621099553597881
bulk,2,Último valor,14,37,0.5675675675675675,1.0,8.850870456709849,0.44324324324324416
bulk,2,Combinação Kalman + Holt,30,27,0.43334060740446245,1.0,2.777024761574583,0.31259004806263924
bulk,2,"GPR (linear + RBF, 60d)",30,27,0.4454052475638069,1.0,2.323973530022292,0.3097190113109357
bulk,2,Holt amortecido,30,27,0.7107666353426089,0.9259259259259259,2.6713278116059938,0.6728370355038706
bulk,2,Kalman (tendência suave),30,27,0.35084422358161915,1.0,1.962135372797039,-0.04765693937859373
bulk,2,Média móvel 7d,30,27,1.2649382716049404,0.2222222222222222,1.9407474210244529,1.2649382716049404
bulk,2,Regressão linear 28d,30,27,0.3256803317757794,1.0,2.754103270641868,-0.06588420074099904
bulk,2,Último valor,30,27,1.1037037037037047,1.0,12.969589578954713,1.0666666666666675
bulk,3,Combinação Kalman + Holt,1,43,0.34522832547944843,0.9302325581395349,1.5476683410160388,-0.027390327732693752
bulk,3,"GPR (linear + RBF, 60d)",1,43,0.3288679420717522,0.9069767441860465,1.537314003536888,0.011918966160153083
bulk,3,Holt amortecido,1,43,0.3488677224145054,0.9069767441860465,1.5592858116007706,-0.00499272946438582
bulk,3,Kalman (tendência suave),1,43,0.34248484122049727,0.9302325581395349,1.516538982613715,-0.04978792600100169
bulk,3,Média móvel 7d,1,43,0.3359800664451829,0.8837209302325582,1.5955056403733037,0.1006312292358798
bulk,3,Regressão linear 28d,1,43,0.3552714555353245,0.9534883720930233,1.6920817756302209,-0.053603334010051774
bulk,3,Último valor,1,43,0.434883720930233,0.9069767441860465,2.0769997764419643,0.002325581395348044
bulk,3,Combinação Kalman + Holt,7,40,0.36840637502165235,0.925,1.6220774112300376,0.057895002636823276
bulk,3,"GPR (linear + RBF, 60d)",7,40,0.40550753102041276,0.925,1.5921590832477244,0.13689376266188127
bulk,3,Holt amortecido,7,40,0.3751353380992775,0.95,1.6225617856585104,0.09746151717618545
bulk,3,Kalman (tendência suave),7,40,0.36660582934235536,0.925,1.575171966767752,0.018328488097460394
bulk,3,Média móvel 7d,7,40,0.49108333333333576,0.85,1.591978148292025,0.40555952380952365
bulk,3,Regressão linear 28d,7,40,0.3889570266947914,0.975,1.7818733528247577,0.009936826734986682
bulk,3,Último valor,7,40,0.5075000000000014,1.0,5.494313826460234,0.3274999999999995
bulk,3,Combinação Kalman + Holt,14,40,0.3512436343476981,0.975,1.7954818975004758,0.11071050293094409
bulk,3,"GPR (linear + RBF, 60d)",14,40,0.41644541445825,0.9,1.6694128151511607,0.2161554077773289
bulk,3,Holt amortecido,14,40,0.35345612307386176,0.925,1.8090962682639897,0.1835794611290737
bulk,3,Kalman (tendência suave),14,40,0.35902590828303005,0.95,1.6645149579487892,0.03784154473281447
bulk,3,Média móvel 7d,14,40,0.6936547619047605,0.675,1.5910227658025662,0.6778214285714267
bulk,3,Regressão linear 28d,14,40,0.31131635511304123,0.975,1.927767035823996,0.02000434929479198
bulk,3,Último valor,14,40,0.6074999999999996,1.0,7.771871909392234,0.5224999999999987
bulk,3,Combinação Kalman + Holt,30,34,0.5007092815404707,1.0,2.588522934689241,0.18410799203956513
bulk,3,"GPR (linear + RBF, 60d)",30,34,0.5956705183525289,0.8823529411764706,2.042601362043259,0.4045186077168895
bulk,3,Holt amortecido,30,34,0.5669823353069089,1.0,2.68913814408473,0.3899431538335366
bulk,3,Kalman (tendência suave),30,34,0.494479133058165,0.9411764705882353,2.025434100837967,-0.021727169754405525
bulk,3,Média móvel 7d,30,34,1.2459523809523803,0.17647058823529413,1.585386511392682,1.2459523809523803
bulk,3,Regressão linear 28d,30,34,0.43967711871347104,0.9705882352941176,2.3180463567520944,-0.012456259594957227
bulk,3,Último valor,30,34,1.1264705882352946,1.0,11.371950430305716,1.1264705882352946
bulk,4,Combinação Kalman + Holt,1,44,0.31193378144212114,1.0,1.66886126532073,0.05943365123561151
bulk,4,"GPR (linear + RBF, 60d)",1,44,0.33245130722835564,1.0,1.6278490646481814,0.12809727091477638
bulk,4,Holt amortecido,1,44,0.31355265409621746,1.0,1.6822818694145558,0.09453288262547006
bulk,4,Kalman (tendência suave),1,44,0.31198115003983384,1.0,1.6168284067737397,0.024334419845753595
bulk,4,Média móvel 7d,1,44,0.34889610389610615,0.9772727272727273,1.689870550222934,0.2151515151515139
bulk,4,Regressão linear 28d,1,44,0.3054945142712148,1.0,1.7698714002989133,0.0486071912187837
bulk,4,Último valor,1,44,0.4545454545454536,0.9772727272727273,2.2422861459062613,0.1227272727272719
bulk,4,Combinação Kalman + Holt,7,42,0.37103350289575554,0.9523809523809523,1.7737464423333795,0.04280727831064487
bulk,4,"GPR (linear + RBF, 60d)",7,42,0.43530196887695094,0.9285714285714286,1.7099608107634596,0.19165812910801924
bulk,4,Holt amortecido,7,42,0.38705250584929796,0.9523809523809523,1.7980878402012466,0.09953241857029736
bulk,4,Kalman (tendência suave),7,42,0.377680070283937,0.9523809523809523,1.6510958524968427,-0.013917861949006951
bulk,4,Média móvel 7d,7,42,0.5087188208616785,0.8095238095238095,1.6888862290514488,0.41719954648525953
bulk,4,Regressão linear 28d,7,42,0.36364912390426424,0.9523809523809523,1.8767703915213305,0.02795208854234063
bulk,4,Último valor,7,42,0.5666666666666655,1.0,5.935181568281116,0.33333333333333265
bulk,4,Combinação Kalman + Holt,14,39,0.30959310874722673,1.0,2.00858235929956,-0.0027378993223615786
bulk,4,"GPR (linear + RBF, 60d)",14,39,0.37907245252212546,0.9743589743589743,1.8220271385969984,0.2060066692138404
bulk,4,Holt amortecido,14,39,0.36899410890426565,1.0,2.0943987286187893,0.09394286801667362
bulk,4,Kalman (tendência suave),14,39,0.313411350673593,0.9487179487179487,1.7019367694949283,-0.09941866666139933
bulk,4,Média móvel 7d,14,39,0.6386202686202697,0.7948717948717948,1.6912696125000242,0.6150549450549457
bulk,4,Regressão linear 28d,14,39,0.3529487527656396,0.9743589743589743,2.0190234671608502,-0.04328483337539815
bulk,4,Último valor,14,39,0.628205128205129,1.0,8.377204560681808,0.5000000000000008
bulk,4,Combinação Kalman + Holt,30,34,0.4381484870846568,0.9705882352941176,2.963816848087827,0.13568629474238114
bulk,4,"GPR (linear + RBF, 60d)",30,34,0.6764420271072801,0.7647058823529411,2.2077526732246637,0.5520913575830361
bulk,4,Holt amortecido,30,34,0.562948656457242,1.0,3.250451353009216,0.34150715015272604
bulk,4,Kalman (tendência suave),30,34,0.45747604150526194,0.9705882352941176,1.961194425139811,-0.0701345606679658
bulk,4,Média móvel 7d,30,34,1.2894537815126044,0.20588235294117646,1.6846816814489751,1.2894537815126044
bulk,4,Regressão linear 28d,30,34,0.411758793963977,1.0,2.40454723899869,-0.07397084895050032
bulk,4,Último valor,30,34,1.188235294117645,1.0,12.258574010814824,1.188235294117645
manutenção semanal,0,Combinação Kalman + Holt,1,38,0.3351690986700399,0.9473684210526315,1.7241005136144836,-0.015002111895641764
manutenção semanal,0,"GPR (linear + RBF, 60d)",1,38,0.3262740586043403,0.9210526315789473,1.5682804772806012,-0.013751029975489434
manutenção semanal,0,Holt amortecido,1,38,0.3414918155242122,0.9210526315789473,1.7820866554157337,-0.02062804642821896
manutenção semanal,0,Kalman (tendência suave),1,38,0.3288463818158673,0.9210526315789473,1.6503941002858766,-0.009376177363063445
manutenção semanal,0,Média móvel 7d,1,38,0.3361403508771921,0.9210526315789473,1.6930383974895493,-0.01250626566416233
manutenção semanal,0,Regressão linear 28d,1,38,0.3420219758057619,0.9473684210526315,1.8086812515581534,-0.013365526096133127
manutenção semanal,0,Último valor,1,38,0.4631578947368431,0.9473684210526315,2.0676638954043467,-0.0842105263157888
manutenção semanal,0,Combinação Kalman + Holt,7,36,0.3232771731423839,0.9444444444444444,1.8223957994589075,-0.05000365709693829
manutenção semanal,0,"GPR (linear + RBF, 60d)",7,36,0.3211450442783917,0.9444444444444444,1.5742391797150732,-0.05458379411318188
manutenção semanal,0,Holt amortecido,7,36,0.34012060517405374,0.9722222222222222,1.9261924518477573,-0.05497868328477177
manutenção semanal,0,Kalman (tendência suave),7,36,0.3191923677070451,0.9444444444444444,1.6797374331945503,-0.045028630909104014
manutenção semanal,0,Média móvel 7d,7,36,0.3349603174603182,0.9444444444444444,1.7024215739979753,-0.05181216931217097
manutenção semanal,0,Regressão linear 28d,7,36,0.35611663029277923,0.9444444444444444,1.9386742509378356,-0.0569336328419349
manutenção semanal,0,Último valor,7,36,0.4083333333333326,1.0,5.474972695471339,-0.07499999999999929
manutenção semanal,0,Combinação Kalman + Holt,14,38,0.2689422446554436,1.0,1.9693750964286427,0.03026842438035559
manutenção semanal,0,"GPR (linear + RBF, 60d)",14,38,0.2634745957350991,0.9473684210526315,1.5733059962006113,0.02836171257001303
manutenção semanal,0,Holt amortecido,14,38,0.2770227354145562,1.0,2.154578181128117,0.027987453859245864
manutenção semanal,0,Kalman (tendência suave),14,38,0.2655618310378949,0.9736842105263158,1.7082555633368328,0.032549394901466064
manutenção semanal,0,Média móvel 7d,14,38,0.27954887218045077,1.0,1.7037590317628883,0.037994987468668966
manutenção semanal,0,Regressão linear 28d,14,38,0.27911138377577993,1.0,2.0438389539510555,0.005761825731529619
manutenção semanal,0,Último valor,14,38,0.3342105263157899,1.0,7.7440097993341395,0.06578947368421127
manutenção semanal,0,Combinação Kalman + Holt,30,37,0.38680876212796145,1.0,2.387119881645019,0.07384552197458094
manutenção semanal,0,"GPR (linear + RBF, 60d)",30,37,0.34363200687129725,0.9459459459459459,1.605986697921613,0.06905390904908563
manutenção semanal,0,Holt amortecido,30,37,0.3914539474467235,1.0,2.732946554069372,0.07125317771635879
manutenção semanal,0,Kalman (tendência suave),30,37,0.38383395389234726,1.0,1.8289726549637582,0.07643786623280462
manutenção semanal,0,Média móvel 7d,30,37,0.3662419562419574,0.972972972972973,1.7121575832101712,0.06160875160874891
manutenção semanal,0,Regressão linear 28d,30,37,0.5296167164717533,0.972972972972973,2.4345344846163144,0.09909183424766745
manutenção semanal,0,Último valor,30,37,0.5216216216216212,1.0,11.322982708376227,0.05135135135135074
manutenção semanal,1,Combinação Kalman + Holt,1,41,0.23311122660405792,0.975609756097561,1.5423950362867491,0.004225727587506351
manutenção semanal,1,"GPR (linear + RBF, 60d)",1,41,0.23029455762846263,0.975609756097561,1.4035287654805337,-0.024284961829608057
manutenção semanal,1,Holt amortecido,1,41,0.22983880356998038,0.975609756097561,1.532529470702748,-0.013867082478758406
manutenção semanal,1,Kalman (tendência suave),1,41,0.23649896467001327,1.0,1.5458016904034568,0.02231853765377111
manutenção semanal,1,Média móvel 7d,1,41,0.23044134727061408,0.975609756097561,1.5315964255027414,-0.004285714285714101
manutenção semanal,1,Regressão linear 28d,1,41,0.2538557917200231,0.975609756097561,1.542308687888116,-0.0008661767147217238
manutenção semanal,1,Último valor,1,41,0.3951219512195126,1.0,2.0733463016636593,0.009756097560975749
manutenção semanal,1,Combinação Kalman + Holt,7,40,0.2213485175816043,1.0,1.5627938456475454,0.019904815284251854
manutenção semanal,1,"GPR (linear + RBF, 60d)",7,40,0.21868350469015105,0.975,1.4210430405261072,-0.012263355181854152
manutenção semanal,1,Holt amortecido,7,40,0.21920295201686776,0.975,1.5440533910302912,-0.0034350448319184325
manutenção semanal,1,Kalman (tendência suave),7,40,0.22464278545618335,1.0,1.5713657958613887,0.04324467540042285
manutenção semanal,1,Média móvel 7d,7,40,0.2291190476190465,1.0,1.545797819128677,0.008166666666667766
manutenção semanal,1,Regressão linear 28d,7,40,0.21941430456434396,1.0,1.6206565455740047,0.001281128085443939
manutenção semanal,1,Último valor,7,40,0.3049999999999997,1.0,5.51652907419001,0.020000000000000285
manutenção semanal,1,Combinação Kalman + Holt,14,41,0.22330843985310847,0.975609756097561,1.5928587206835572,0.0613111487924639
manutenção semanal,1,"GPR (linear + RBF, 60d)",14,41,0.21660438781823815,0.975609756097561,1.4290483917931405,0.026321650202079605
manutenção semanal,1,Holt amortecido,14,41,0.21547056947155926,0.975609756097561,1.560205108320461,0.03216297102314197
manutenção semanal,1,Kalman (tendência suave),14,41,0.23249487756129383,0.975609756097561,1.609157913668034,0.09045932656178826
manutenção semanal,1,Média móvel 7d,14,41,0.21290360046457402,0.975609756097561,1.560392513787821,0.024401858304297367
manutenção semanal,1,Regressão linear 28d,14,41,0.24726859738072068,1.0,1.7750295688926567,0.017598157248360318
manutenção semanal,1,Último valor,14,41,0.2926829268292676,1.0,7.849085248353936,0.04390243902439052
manutenção semanal,1,Combinação Kalman + Holt,30,37,0.28864973149441997,0.9459459459459459,1.6949701708547373,0.0006644179662083923
manutenção semanal,1,"GPR (linear + RBF, 60d)",30,37,0.2867804537293802,0.9459459459459459,1.4759593606162336,-0.05745465098891024
manutenção semanal,1,Holt amortecido,30,37,0.28429020022475404,0.972972972972973,1.6094887164674259,-0.05877391935911422
manutenção semanal,1,Kalman (tendência suave),30,37,0.3030254515986981,0.9459459459459459,1.7281485077445686,0.06010275529153254
manutenção semanal,1,Média móvel 7d,30,37,0.296692406692407,0.972972972972973,1.6077690681024075,-0.04657657657657608
manutenção semanal,1,Regressão linear 28d,30,37,0.4152351151248658,0.972972972972973,2.1528484856136734,-0.03321750990611279
manutenção semanal,1,Último valor,30,37,0.4432432432432434,1.0,11.613748743284726,-0.03243243243243289
manutenção semanal,2,Combinação Kalman + Holt,1,41,0.29991673829339394,0.926829268292683,1.543355409389543,-0.07481900283714954
manutenção semanal,2,"GPR (linear + RBF, 60d)",1,41,0.2942960940307488,0.926829268292683,1.5329535392101812,-0.06317606562266649
manutenção semanal,2,Holt amortecido,1,41,0.2983260006100379,0.926829268292683,1.523536806817181,-0.09188913391482445
manutenção semanal,2,Kalman (tendência suave),1,41,0.30221035392433815,0.926829268292683,1.5573231380382917,-0.057748871759470466
manutenção semanal,2,Média móvel 7d,1,41,0.32051684088269794,0.926829268292683,1.6300893796550215,-0.059668989547037934
manutenção semanal,2,Regressão linear 28d,1,41,0.3402422254681548,0.9512195121951219,1.8054646777804946,-0.06714801386325268
manutenção semanal,2,Último valor,1,41,0.43658536585365937,0.975609756097561,2.112559930385178,-0.09024390243902411
manutenção semanal,2,Combinação Kalman + Holt,7,35,0.34587081426554717,0.9142857142857143,1.5499755708151486,-0.07958231939817162
manutenção semanal,2,"GPR (linear + RBF, 60d)",7,35,0.3379695962365141,0.8857142857142857,1.5255004301696862,-0.06536997284552187
manutenção semanal,2,Holt amortecido,7,35,0.3415141669935362,0.9142857142857143,1.5217955871326037,-0.09716291333087627
manutenção semanal,2,Kalman (tendência suave),7,35,0.3502274615375565,0.9142857142857143,1.5694363870830532,-0.062001725465467776
manutenção semanal,2,Média móvel 7d,7,35,0.37335374149660244,0.8857142857142857,1.6263804908817243,-0.06607482993197208
manutenção semanal,2,Regressão linear 28d,7,35,0.3996440655478929,0.8857142857142857,1.8922953985962019,-0.08620386148449402
manutenção semanal,2,Último valor,7,35,0.5057142857142858,1.0,5.583133726591895,-0.13428571428571437
manutenção semanal,2,Combinação Kalman + Holt,14,37,0.38265514942934553,0.918918918918919,1.5607231801171866,-0.09415071168075198
manutenção semanal,2,"GPR (linear + RBF, 60d)",14,37,0.37357351236927244,0.9459459459459459,1.5291699458896946,-0.08016226448760651
manutenção semanal,2,Holt amortecido,14,37,0.385779342566135,0.8918918918918919,1.5188405073910742,-0.11255772966356288
manutenção semanal,2,Kalman (tendência suave),14,37,0.37953095629255645,0.918918918918919,1.5907166211563222,-0.07574369369793839
manutenção semanal,2,Média móvel 7d,14,37,0.38928571428571457,0.972972972972973,1.6188212420259709,-0.08411196911196833
manutenção semanal,2,Regressão linear 28d,14,37,0.4062857203782177,0.972972972972973,2.0432835025453473,-0.07578383048478472
manutenção semanal,2,Último valor,14,37,0.41351351351351456,1.0,7.908447637939415,-0.08918918918918872
manutenção semanal,2,Combinação Kalman + Holt,30,27,0.28303573283604117,0.9629629629629629,1.5924054839910209,-0.13219512867382305
manutenção semanal,2,"GPR (linear + RBF, 60d)",30,27,0.27759315823199676,0.9259259259259259,1.5535808648111116,-0.11325554926655299
manutenção semanal,2,Holt amortecido,30,27,0.28777030342564136,0.9259259259259259,1.5218293973853232,-0.15131385930124103
manutenção semanal,2,Kalman (tendência suave),30,27,0.27830116224643836,0.9629629629629629,1.6419994198917123,-0.11307639804640562
manutenção semanal,2,Média móvel 7d,30,27,0.2747354497354519,1.0,1.6234267414597083,-0.09210758377425013
manutenção semanal,2,Regressão linear 28d,30,27,0.26985192612533354,1.0,2.491277877545018,-0.13126775487333686
manutenção semanal,2,Último valor,30,27,0.46296296296296297,1.0,11.593488698054975,-0.19629629629629672
manutenção semanal,3,Combinação Kalman + Holt,1,43,0.3237732026971857,0.9302325581395349,1.2932002183345432,-0.0074865302761686296
manutenção semanal,3,"GPR (linear + RBF, 60d)",1,43,0.3264830914617755,0.9302325581395349,1.294386205905068,-0.02835667917658709
manutenção semanal,3,Holt amortecido,1,43,0.32240246597423383,0.9302325581395349,1.2547274301565832,-0.008591133772779225
manutenção semanal,3,Kalman (tendência suave),1,43,0.3282987438659998,0.9302325581395349,1.3163210104068974,-0.006381926779558033
manutenção semanal,3,Média móvel 7d,1,43,0.3241860465116282,0.9302325581395349,1.330490309808118,-0.018250276854928086
manutenção semanal,3,Regressão linear 28d,1,43,0.34130452553390134,0.9534883720930233,1.471673014598553,-0.013698819545193067
manutenção semanal,3,Último valor,1,43,0.38837209302325654,0.9534883720930233,1.7571647488405056,-0.011627906976744517
manutenção semanal,3,Combinação Kalman + Holt,7,40,0.32741544943160117,0.95,1.322872864116515,0.052450307488537004
manutenção semanal,3,"GPR (linear + RBF, 60d)",7,40,0.3270009533946894,0.9,1.2908114897298724,0.03237425855817015
manutenção semanal,3,Holt amortecido,7,40,0.33515901431317585,0.9,1.2536405523746013,0.055790823948193236
manutenção semanal,3,Kalman (tendência suave),7,40,0.3285325386980055,0.925,1.3639039811538836,0.04910979102888291
manutenção semanal,3,Média móvel 7d,7,40,0.3504047619047636,0.925,1.323199438905187,0.03740476190476265
manutenção semanal,3,Regressão linear 28d,7,40,0.35866795926144235,0.975,1.5520608321255949,0.038806723360478655
manutenção semanal,3,Último valor,7,40,0.3475000000000005,1.0,4.64462440572632,0.047499999999999785
manutenção semanal,3,Combinação Kalman + Holt,14,40,0.3353883603516117,0.925,1.3810352916281414,0.031327986580708254
manutenção semanal,3,"GPR (linear + RBF, 60d)",14,40,0.3229539911889635,0.9,1.295731409579949,0.0011323788197866945
manutenção semanal,3,Holt amortecido,14,40,0.3468982646261246,0.9,1.2584637051794316,0.031193859082667787
manutenção semanal,3,Kalman (tendência suave),14,40,0.333706661994616,0.925,1.4512000134143428,0.031462114078750505
manutenção semanal,3,Média móvel 7d,14,40,0.333750000000002,0.925,1.3206757011527899,0.0017976190476183262
manutenção semanal,3,Regressão linear 28d,14,40,0.33131244345524136,1.0,1.6733625337346658,0.007261194618732247
manutenção semanal,3,Último valor,14,40,0.33750000000000036,1.0,6.56996009827206,-0.0225000000000005
manutenção semanal,3,Combinação Kalman + Holt,30,34,0.34765792016193336,0.9411764705882353,1.6413629357017403,-0.016627696798144766
manutenção semanal,3,"GPR (linear + RBF, 60d)",30,34,0.297863179181083,0.9411764705882353,1.31339301505302,-0.058467821809261224
manutenção semanal,3,Holt amortecido,30,34,0.3166410431002743,0.9411764705882353,1.2941303050934616,-0.013380697717936381
manutenção semanal,3,Kalman (tendência suave),30,34,0.3914231883095449,0.9411764705882353,1.788660050470524,-0.019874695878350224
manutenção semanal,3,Média móvel 7d,30,34,0.28785714285714237,0.9411764705882353,1.3079806062753998,-0.06278711484593871
manutenção semanal,3,Regressão linear 28d,30,34,0.40032546123790147,0.9411764705882353,2.0007925347403455,-0.004714776040252807
manutenção semanal,3,Último valor,30,34,0.4323529411764711,1.0,9.595424684331078,-0.09117647058823597
manutenção semanal,4,Combinação Kalman + Holt,1,44,0.3346273822711355,0.9772727272727273,1.599709555012951,0.03144336883956811
manutenção semanal,4,"GPR (linear + RBF, 60d)",1,44,0.32453506513324987,0.9772727272727273,1.5415772946463364,0.030839829643106498
manutenção semanal,4,Holt amortecido,1,44,0.33268030841113244,0.9772727272727273,1.6085185535470048,0.03861858779899469
manutenção semanal,4,Kalman (tendência suave),1,44,0.3366773019220504,0.9545454545454546,1.5889874565986375,0.024268149880141202
manutenção semanal,4,Média móvel 7d,1,44,0.3186525974025962,0.9545454545454546,1.6241712104738346,0.05240800865800824
manutenção semanal,4,Regressão linear 28d,1,44,0.32993622529202554,1.0,1.7772036499195274,0.050257326868436536
manutenção semanal,4,Último valor,1,44,0.3386363636363631,0.9318181818181818,1.9454736921809683,0.06590909090909104
manutenção semanal,4,Combinação Kalman + Holt,7,42,0.3274171945330297,1.0,1.6390742046561027,-0.004516891654155586
manutenção semanal,4,"GPR (linear + RBF, 60d)",7,42,0.3297032019622964,0.9761904761904762,1.5469376463551856,-0.0013955047574358201
manutenção semanal,4,Holt amortecido,7,42,0.3250795847836199,1.0,1.643154475117402,0.00788665041061605
manutenção semanal,4,Kalman (tendência suave),7,42,0.33538587225085775,1.0,1.627160220097494,-0.01692043371892587
manutenção semanal,4,Média móvel 7d,7,42,0.311780045351474,1.0,1.6263571518753537,0.011938775510203519
manutenção semanal,4,Regressão linear 28d,7,42,0.31896852611672055,1.0,1.8726868204082492,0.02963810565969655
manutenção semanal,4,Último valor,7,42,0.34285714285714297,1.0,5.1467039677471575,0.023809523809523808
manutenção semanal,4,Combinação Kalman + Holt,14,39,0.3435206066851934,1.0,1.6988267742409868,-0.047737409608776586
manutenção semanal,4,"GPR (linear + RBF, 60d)",14,39,0.35619857129163446,1.0,1.5500814831194594,-0.04144781752707889
manutenção semanal,4,Holt amortecido,14,39,0.3457300104887578,1.0,1.68420378366262,-0.0322733362307198
manutenção semanal,4,Kalman (tendência suave),14,39,0.3414031273392744,1.0,1.692983692889514,-0.06320148298683229
manutenção semanal,4,Média móvel 7d,14,39,0.3272710622710625,1.0,1.631268941180952,-0.03281440781440873
manutenção semanal,4,Regressão linear 28d,14,39,0.33304270129785096,0.9743589743589743,2.0259574743315194,-0.0022578923985306777
manutenção semanal,4,Último valor,14,39,0.32307692307692254,1.0,7.254411369296416,-0.04615384615384681
manutenção semanal,4,Combinação Kalman + Holt,30,34,0.40237148700983527,0.9411764705882353,1.9675130023480676,-0.08656297562203175
manutenção semanal,4,"GPR (linear + RBF, 60d)",30,34,0.3612841156330429,0.9705882352941176,1.5678594900074132,-0.0624811449780066
manutenção semanal,4,Holt amortecido,30,34,0.36936936133883547,1.0,1.7892085065626053,-0.05305967149837777
manutenção semanal,4,Kalman (tendência suave),30,34,0.44257746997881875,0.9411764705882353,2.0066204983072047,-0.12006627974568698
manutenção semanal,4,Média móvel 7d,30,34,0.36521708683473475,0.9411764705882353,1.629539315168538,-0.08182773109243785
manutenção semanal,4,Regressão linear 28d,30,34,0.49159344941643845,0.9705882352941176,2.4380213965982866,-0.10829293457135905
manutenção semanal,4,Último valor,30,34,0.48823529411764605,1.0,10.588947437561464,-0.08235294117647092
esparso c/ gaps longos,0,Combinação Kalman + Holt,1,20,0.3556065709980132,0.95,1.5948853996094918,-0.11362194537053938
esparso c/ gaps longos,0,"GPR (linear + RBF, 60d)",1,20,0.3753421597915313,0.9,1.5824493575938063,-0.14308724819064694
esparso c/ gaps longos,0,Holt amortecido,1,20,0.3892964920649405,0.95,1.6086036855324068,-0.13250895372528645
esparso c/ gaps longos,0,Kalman (tendência suave),1,20,0.32417696999371304,0.9,1.4939087188674918,-0.09473493701579158
esparso c/ gaps longos,0,Média móvel 7d,1,20,0.41679761904762247,0.95,1.7487334173052118,-0.314464285714287
esparso c/ gaps longos,0,Regressão linear 28d,1,20,0.3395370157253737,1.0,1.7826107648641099,-0.05847271106631382
esparso c/ gaps longos,0,Último valor,1,20,0.4999999999999993,0.85,1.7240259106514657,-0.08999999999999986
esparso c/ gaps longos,0,Combinação Kalman + Holt,7,18,0.2778576153828417,0.9444444444444444,1.8390193439739464,-0.06009155532886644
esparso c/ gaps longos,0,"GPR (linear + RBF, 60d)",7,18,0.3166704975079411,0.9444444444444444,1.5808773688796092,-0.07563275031123516
esparso c/ gaps longos,0,Holt amortecido,7,18,0.3189227577948049,0.9444444444444444,2.0008416293742957,-0.08099025731374275
esparso c/ gaps longos,0,Kalman (tendência suave),7,18,0.3171355412872059,0.9444444444444444,1.4917528402068791,-0.03919285334399171
esparso c/ gaps longos,0,Média móvel 7d,7,18,0.5967724867724828,0.7777777777777778,1.7133315550753627,-0.5939947089947045
esparso c/ gaps longos,0,Regressão linear 28d,7,18,0.3155342082686161,0.9444444444444444,1.8884728077718052,0.06491399336701104
esparso c/ gaps longos,0,Último valor,7,18,0.466666666666667,1.0,4.530281793873188,-0.3333333333333333
esparso c/ gaps longos,0,Combinação Kalman + Holt,14,14,0.27712967700722707,1.0,2.4019866612774194,-0.09461930149769618
esparso c/ gaps longos,0,"GPR (linear + RBF, 60d)",14,14,0.3650637761001586,0.9285714285714286,1.7862689308043198,-0.1196804281493706
esparso c/ gaps longos,0,Holt amortecido,14,14,0.33992215087029976,1.0,2.726857752849201,-0.20735186511423567
esparso c/ gaps longos,0,Kalman (tendência suave),14,14,0.33034306209542713,0.9285714285714286,1.546432911549646,0.01811326211884331
esparso c/ gaps longos,0,Média móvel 7d,14,14,0.9589965986394559,0.5,1.738318583387888,-0.9589965986394559
esparso c/ gaps longos,0,Regressão linear 28d,14,14,0.3385292157104343,1.0,2.232246481182238,0.07104087734912667
esparso c/ gaps longos,0,Último valor,14,14,0.7642857142857135,1.0,6.434403917974137,-0.7642857142857135
esparso c/ gaps longos,0,Combinação Kalman + Holt,30,15,0.5400466469969615,1.0,3.7986040659849833,-0.4091642242386001
esparso c/ gaps longos,0,"GPR (linear + RBF, 60d)",30,15,0.7574577163515102,0.8,2.379117434771371,-0.6061492541630012
esparso c/ gaps longos,0,Holt amortecido,30,15,0.9114998147619209,0.8666666666666667,4.2619130913179974,-0.8517603255556707
esparso c/ gaps longos,0,Kalman (tendência suave),30,15,0.3421905579275697,0.9333333333333333,1.6154940745528867,0.03343187707847146
esparso c/ gaps longos,0,Média móvel 7d,30,15,1.9862857142857129,0.0,1.7355524628793888,-1.9862857142857129
esparso c/ gaps longos,0,Regressão linear 28d,30,15,0.5857860999201837,1.0,2.902077869603907,-0.18857229115092386
esparso c/ gaps longos,0,Último valor,30,15,1.7733333333333339,1.0,9.47681169418154,-1.7733333333333339
esparso c/ gaps longos,1,Combinação Kalman + Holt,1,17,0.21524002776374787,1.0,1.6098921896445413,-0.04570352405207078
esparso c/ gaps longos,1,"GPR (linear + RBF, 60d)",1,17,0.21304908897672656,0.9411764705882353,1.3736783681847957,-0.07123430609545313
esparso c/ gaps longos,1,Holt amortecido,1,17,0.2495880301389511,1.0,1.6752354305143076,-0.11586461393421346
esparso c/ gaps longos,1,Kalman (tendência suave),1,17,0.19954283353771066,1.0,1.4694961459335918,0.024457565830076078
esparso c/ gaps longos,1,Média móvel 7d,1,17,0.2897759103641461,1.0,1.5746502585282154,-0.25918767507002954
esparso c/ gaps longos,1,Regressão linear 28d,1,17,0.25419334616865163,1.0,1.4883606177964803,-0.015245633553923747
esparso c/ gaps longos,1,Último valor,1,17,0.33529411764705985,1.0,1.9400501457970065,-0.12352941176470722
esparso c/ gaps longos,1,Combinação Kalman + Holt,7,13,0.21895843368882595,1.0,1.7439705303162698,-0.05503583226193161
esparso c/ gaps longos,1,"GPR (linear + RBF, 60d)",7,13,0.20481444472181154,1.0,1.3607383576170007,-0.06273500266486128
esparso c/ gaps longos,1,Holt amortecido,7,13,0.24937712440590168,1.0,1.8552725438599351,-0.1618373361593742
esparso c/ gaps longos,1,Kalman (tendência suave),7,13,0.2016407892621769,1.0,1.4325251176356324,0.05176567163551318
esparso c/ gaps longos,1,Média móvel 7d,7,13,0.5829120879120856,0.6923076923076923,1.5277892924152114,-0.5829120879120856
esparso c/ gaps longos,1,Regressão linear 28d,7,13,0.22284838160612927,1.0,1.6147630803422781,-0.008524745424499368
esparso c/ gaps longos,1,Último valor,7,13,0.4153846153846158,1.0,5.029062421154446,-0.38461538461538464
esparso c/ gaps longos,1,Combinação Kalman + Holt,14,15,0.3484395241263248,0.9333333333333333,2.125502490312631,-0.061625256486614904
esparso c/ gaps longos,1,"GPR (linear + RBF, 60d)",14,15,0.429450949975967,0.9333333333333333,1.448501483108985,-0.10118514357606236
esparso c/ gaps longos,1,Holt amortecido,14,15,0.4745570650570367,0.9333333333333333,2.327624471932266,-0.22329518212871163
esparso c/ gaps longos,1,Kalman (tendência suave),14,15,0.337372249823692,0.9333333333333333,1.4791466608658368,0.10004466915547994
esparso c/ gaps longos,1,Média móvel 7d,14,15,1.0164126984126967,0.3333333333333333,1.5246066847341297,-0.9786349206349172
esparso c/ gaps longos,1,Regressão linear 28d,14,15,0.3986108950337268,0.9333333333333333,1.7963054298524108,0.06610221448117576
esparso c/ gaps longos,1,Último valor,14,15,0.8666666666666676,1.0,7.206988304365056,-0.7466666666666668
esparso c/ gaps longos,1,Combinação Kalman + Holt,30,12,0.3540850579226695,1.0,3.5603868436842867,-0.23041751743657102
esparso c/ gaps longos,1,"GPR (linear + RBF, 60d)",30,12,0.5603115564390464,0.75,1.9926964936055616,-0.39935927833273865
esparso c/ gaps longos,1,Holt amortecido,30,12,0.7151462460305614,1.0,3.929730894948006,-0.6704063672651751
esparso c/ gaps longos,1,Kalman (tendência suave),30,12,0.3653548416246342,0.9166666666666666,1.6460845596784044,0.2095713323920355
esparso c/ gaps longos,1,Média móvel 7d,30,12,1.9196825396825403,0.0,1.5680035907546592,-1.9196825396825403
esparso c/ gaps longos,1,Regressão linear 28d,30,12,0.44255005952008136,0.8333333333333334,2.318603837087091,-0.012980917236394163
esparso c/ gaps longos,1,Último valor,30,12,1.758333333333334,1.0,10.67589101334685,-1.758333333333334
esparso c/ gaps longos,2,Combinação Kalman + Holt,1,22,0.38200895878194013,1.0,1.7066798339618308,0.046438923810088344
esparso c/ gaps longos,2,"GPR (linear + RBF, 60d)",1,22,0.3437641982828675,0.9545454545454546,1.5883258577421293,0.02398184301710803
esparso c/ gaps longos,2,Holt amortecido,1,22,0.3602472560789978,1.0,1.750244906289158,0.032194281567240975
esparso c/ gaps longos,2,Kalman (tendência suave),1,22,0.4037706614848837,1.0,1.6143696220870332,0.06068356605293572
esparso c/ gaps longos,2,Média móvel 7d,1,22,0.3466883116883117,0.9545454545454546,1.7947498170463403,-0.15329004329004128
esparso c/ gaps longos,2,Regressão linear 28d,1,22,0.3743442468738394,0.9545454545454546,1.7668783095210303,0.09166697782348492
esparso c/ gaps longos,2,Último valor,1,22,0.39090909090909,1.0,2.001538697568691,0.08181818181818298
esparso c/ gaps longos,2,Combinação Kalman + Holt,7,16,0.330220316299469,1.0,2.0185918935209806,-0.010683743154961789
esparso c/ gaps longos,2,"GPR (linear + RBF, 60d)",7,16,0.39830443656371006,0.875,1.6572584923620912,-0.11250357298310742
esparso c/ gaps longos,2,Holt amortecido,7,16,0.3549651520373782,1.0,2.197641226764393,-0.07889251155040178
esparso c/ gaps longos,2,Kalman (tendência suave),7,16,0.33997582010528316,1.0,1.642445637449601,0.05752502524047909
esparso c/ gaps longos,2,Média móvel 7d,7,16,0.5847172619047587,0.8125,1.780510729740092,-0.5472172619047591
esparso c/ gaps longos,2,Regressão linear 28d,7,16,0.39822313217004623,0.9375,1.7543158151103615,0.04583908741354481
esparso c/ gaps longos,2,Último valor,7,16,0.47499999999999964,1.0,5.224089661766614,-0.29999999999999893
esparso c/ gaps longos,2,Combinação Kalman + Holt,14,13,0.38802683621999823,0.8461538461538461,2.598160535859445,-0.24987153229300071
esparso c/ gaps longos,2,"GPR (linear + RBF, 60d)",14,13,0.5001040913266578,0.7692307692307693,1.8296999214245073,-0.32632647186433855
esparso c/ gaps longos,2,Holt amortecido,14,13,0.4489731794365333,0.9230769230769231,2.9946795664856154,-0.3687373157577335
esparso c/ gaps longos,2,Kalman (tendência suave),14,13,0.3440600425018593,0.8461538461538461,1.668928578471366,-0.13100574882826793
esparso c/ gaps longos,2,Média móvel 7d,14,13,1.1453663003662966,0.46153846153846156,1.8196139097050177,-1.1453663003662966
esparso c/ gaps longos,2,Regressão linear 28d,14,13,0.5958478534935195,0.7692307692307693,2.219178319624689,-0.07572854735915022
esparso c/ gaps longos,2,Último valor,14,13,1.0461538461538447,1.0,7.5760785123620735,-1.0461538461538447
esparso c/ gaps longos,2,Combinação Kalman + Holt,30,14,0.42292619237979984,1.0,4.489034104617074,-0.2211826499953651
esparso c/ gaps longos,2,"GPR (linear + RBF, 60d)",30,14,0.33815936787067663,1.0,2.1025173016692826,-0.13401264688584089
esparso c/ gaps longos,2,Holt amortecido,30,14,0.5850816752243903,1.0,5.323467030722883,-0.48131617216033057
esparso c/ gaps longos,2,Kalman (tendência suave),30,14,0.3013141636289163,1.0,1.9297421428841008,0.038950872169603405
esparso c/ gaps longos,2,Média móvel 7d,30,14,1.905102040816326,0.0,1.8061243165367185,-1.905102040816326
esparso c/ gaps longos,2,Regressão linear 28d,30,14,0.48139073047864195,1.0,2.8962296071499543,-0.006700988654936323
esparso c/ gaps longos,2,Último valor,30,14,1.635714285714285,1.0,11.427116233472862,-1.635714285714285
esparso c/ gaps longos,3,Combinação Kalman + Holt,1,14,0.33879817052588684,0.9285714285714286,1.4300587646278993,-0.022416388911277556
esparso c/ gaps longos,3,"GPR (linear + RBF, 60d)",1,14,0.3379108313843438,0.8571428571428571,1.3110400025689586,-0.019151332011673055
esparso c/ gaps longos,3,Holt amortecido,1,14,0.336824965846286,0.9285714285714286,1.4741353295960604,-0.06988115602451168
esparso c/ gaps longos,3,Kalman (tendência suave),1,14,0.3480754022910669,0.8571428571428571,1.3411838665961662,0.02504837820195454
esparso c/ gaps longos,3,Média móvel 7d,1,14,0.39758503401360407,0.8571428571428571,1.5258855910267763,-0.18853741496598633
esparso c/ gaps longos,3,Regressão linear 28d,1,14,0.3365968645181212,0.8571428571428571,1.4247512296490226,0.01255886678286901
esparso c/ gaps longos,3,Último valor,1,14,0.4285714285714296,0.8571428571428571,1.603384103755756,-0.10000000000000142
esparso c/ gaps longos,3,Combinação Kalman + Holt,7,11,0.2730918215698624,0.9090909090909091,1.5370748385907431,-0.14939753905518155
esparso c/ gaps longos,3,"GPR (linear + RBF, 60d)",7,11,0.2707588878838953,0.9090909090909091,1.3931445775800404,-0.17571826316205505
esparso c/ gaps longos,3,Holt amortecido,7,11,0.329126320158711,0.9090909090909091,1.5938823324511977,-0.22422403599849164
esparso c/ gaps longos,3,Kalman (tendência suave),7,11,0.2199182798650735,0.9090909090909091,1.380420047333959,-0.07457104211187274
esparso c/ gaps longos,3,Média móvel 7d,7,11,0.6566666666666624,0.6363636363636364,1.5287978302891387,-0.6566666666666624
esparso c/ gaps longos,3,Regressão linear 28d,7,11,0.24348699749001473,0.9090909090909091,1.6637041524013383,-0.0976633138751233
esparso c/ gaps longos,3,Último valor,7,11,0.4454545454545434,1.0,4.306979500247851,-0.4454545454545434
esparso c/ gaps longos,3,Combinação Kalman + Holt,14,11,0.2064141047690746,1.0,1.9210953800035524,-0.051796089834521226
esparso c/ gaps longos,3,"GPR (linear + RBF, 60d)",14,11,0.2124080486909192,1.0,1.4437652294691181,-0.06730754432334539
esparso c/ gaps longos,3,Holt amortecido,14,11,0.26594020597223467,1.0,2.0705236055072835,-0.1741339087539483
esparso c/ gaps longos,3,Kalman (tendência suave),14,11,0.22142371257481194,1.0,1.4407254212135803,0.07054172908490454
esparso c/ gaps longos,3,Média móvel 7d,14,11,0.890757575757577,0.18181818181818182,1.559372153604342,-0.890757575757577
esparso c/ gaps longos,3,Regressão linear 28d,14,11,0.24370327117474683,1.0,1.8391718645622668,0.01503593598432541
esparso c/ gaps longos,3,Último valor,14,11,0.7909090909090899,1.0,6.0937600348385494,-0.7909090909090899
esparso c/ gaps longos,3,Combinação Kalman + Holt,30,11,0.37553978378025865,1.0,3.2810494066872025,-0.17044800903798707
esparso c/ gaps longos,3,"GPR (linear + RBF, 60d)",30,11,0.3903112995776377,0.9090909090909091,1.6977069437650802,-0.14041911779141908
esparso c/ gaps longos,3,Holt amortecido,30,11,0.5403128480027704,1.0,3.7591655788947276,-0.46481938078235624
esparso c/ gaps longos,3,Kalman (tendência suave),30,11,0.3384814133299288,0.9090909090909091,1.634790573048933,0.12392336270638343
esparso c/ gaps longos,3,Média móvel 7d,30,11,1.826774891774889,0.0,1.5790723572832546,-1.826774891774889
esparso c/ gaps longos,3,Regressão linear 28d,30,11,0.36937106301579353,1.0,2.5097177791726817,0.09098238672586945
esparso c/ gaps longos,3,Último valor,30,11,1.7090909090909074,1.0,8.976179214695712,-1.7090909090909074
esparso c/ gaps longos,4,Combinação Kalman + Holt,1,21,0.2732768428255322,0.9523809523809523,1.4583813107741623,-0.02186838894044402
esparso c/ gaps longos,4,"GPR (linear + RBF, 60d)",1,21,0.2953623653633667,0.9523809523809523,1.3676172652366352,-0.036133666159782606
esparso c/ gaps longos,4,Holt amortecido,1,21,0.2974148526658579,0.9047619047619048,1.4275705943903325,-0.07516325712783796
esparso c/ gaps longos,4,Kalman (tendência suave),1,21,0.24913883298520323,0.9523809523809523,1.4290828307117824,0.03142647924695195
esparso c/ gaps longos,4,Média móvel 7d,1,21,0.30619047619047446,0.9523809523809523,1.606578525696135,-0.20666666666666886
esparso c/ gaps longos,4,Regressão linear 28d,1,21,0.29577781089294386,1.0,1.603610037201344,0.005326853587762669
esparso c/ gaps longos,4,Último valor,1,21,0.4047619047619041,0.9523809523809523,1.882362792469364,-0.11904761904761972
esparso c/ gaps longos,4,Combinação Kalman + Holt,7,24,0.2731792340407537,1.0,1.5346102977635248,-0.07943152016884862
esparso c/ gaps longos,4,"GPR (linear + RBF, 60d)",7,24,0.273716354624763,0.9166666666666666,1.4396776171650412,-0.141710052744792
esparso c/ gaps longos,4,Holt amortecido,7,24,0.33125812878157807,0.9583333333333334,1.4674110534190739,-0.15450408214031755
esparso c/ gaps longos,4,Kalman (tendência suave),7,24,0.23124694171854543,0.9583333333333334,1.4816601253421524,-0.0043589581973778975
esparso c/ gaps longos,4,Média móvel 7d,7,24,0.5972916666666664,0.75,1.612070548573462,-0.587291666666666
esparso c/ gaps longos,4,Regressão linear 28d,7,24,0.27841685290041635,0.9583333333333334,1.7004994582420991,-0.043097418719344326
esparso c/ gaps longos,4,Último valor,7,24,0.529166666666665,1.0,4.9823050520016565,-0.4708333333333326
esparso c/ gaps longos,4,Combinação Kalman + Holt,14,16,0.32157089473353206,1.0,1.7449928398577184,-0.10515545575013885
esparso c/ gaps longos,4,"GPR (linear + RBF, 60d)",14,16,0.3855164634478756,0.9375,1.5492056153415206,-0.21474361750467974
esparso c/ gaps longos,4,Holt amortecido,14,16,0.43288323872652423,0.875,1.6975333695123513,-0.19484677839857678
esparso c/ gaps longos,4,Kalman (tendência suave),14,16,0.24660553613961245,1.0,1.5811813253953542,-0.01546413310169914
esparso c/ gaps longos,4,Média móvel 7d,14,16,0.9894791666666656,0.3125,1.6185657023199553,-0.9894791666666656
esparso c/ gaps longos,4,Regressão linear 28d,14,16,0.342761253246767,0.9375,1.8321257681668506,-0.02697200557859425
esparso c/ gaps longos,4,Último valor,14,16,0.8187500000000005,1.0,6.972758656002297,-0.8187500000000005
esparso c/ gaps longos,4,Combinação Kalman + Holt,30,14,0.3606944226818527,1.0,2.8235846982630526,-0.2746854191620654
esparso c/ gaps longos,4,"GPR (linear + RBF, 60d)",30,14,0.39783285798949514,0.9285714285714286,1.7644059346131777,-0.3571658895734312
esparso c/ gaps longos,4,Holt amortecido,30,14,0.558805274953804,1.0,3.154376457174012,-0.55040666812254
esparso c/ gaps longos,4,Kalman (tendência suave),30,14,0.26795742463630845,1.0,1.6221918520225,0.0010358297984101991
esparso c/ gaps longos,4,Média móvel 7d,30,14,1.9222619047619054,0.0,1.6890937659245293,-1.9222619047619054
esparso c/ gaps longos,4,Regressão linear 28d,30,14,0.32879914853224285,1.0,2.4854010885468534,-0.09800730352788735
esparso c/ gaps longos,4,Último valor,30,14,1.721428571428573,1.0,10.219844271467517,-1.721428571428573
cutting→bulk,0,Combinação Kalman + Holt,1,38,0.3319809321668419,0.9210526315789473,1.72648015674229,0.025962196894674605
cutting→bulk,0,"GPR (linear + RBF, 60d)",1,38,0.32395634005548296,0.9210526315789473,1.6655107275228491,0.05229677663857832
cutting→bulk,0,Holt amortecido,1,38,0.33125031074713307,0.9473684210526315,1.7464914525497088,0.013260825619860913
cutting→bulk,0,Kalman (tendência suave),1,38,0.33458050694137853,0.9210526315789473,1.6739483542298688,0.03866356816948718
cutting→bulk,0,Média móvel 7d,1,38,0.41484962406014864,0.9473684210526315,1.7935581104035416,-0.08988721804511395
cutting→bulk,0,Regressão linear 28d,1,38,0.34591733387263035,0.9210526315789473,1.850206682076464,0.06372951137064725
cutting→bulk,0,Último valor,1,38,0.47894736842105384,0.9210526315789473,2.1110209510968527,-0.10526315789473759
cutting→bulk,0,Combinação Kalman + Holt,7,36,0.4243411292159023,0.9722222222222222,2.0203382935964793,0.045313040387132415
cutting→bulk,0,"GPR (linear + RBF, 60d)",7,36,0.42168980163423103,0.9166666666666666,1.793296486743409,0.11876838266011644
cutting→bulk,0,Holt amortecido,7,36,0.42982392975208583,0.9722222222222222,2.032308615186408,0.02337960614277732
cutting→bulk,0,Kalman (tendência suave),7,36,0.42290852622618874,0.8888888888888888,1.914986205622328,0.06724647463148752
cutting→bulk,0,Média móvel 7d,7,36,0.7244312169312153,0.6944444444444444,1.8059382490595937,-0.2095105820105832
cutting→bulk,0,Regressão linear 28d,7,36,0.4380129559897657,0.8888888888888888,1.9522736941428667,0.11190313132942246
cutting→bulk,0,Último valor,7,36,0.6222222222222223,1.0,5.571970005128432,-0.20000000000000126
cutting→bulk,0,Combinação Kalman + Holt,14,38,0.4367287297067644,0.9473684210526315,2.7370109979157724,0.1757940283929474
cutting→bulk,0,"GPR (linear + RBF, 60d)",14,38,0.5837727035487376,0.868421052631579,2.076521713933583,0.39174522529703787
cutting→bulk,0,Holt amortecido,14,38,0.4399669453250696,0.9473684210526315,2.8052543544786337,0.12175593899447347
cutting→bulk,0,Kalman (tendência suave),14,38,0.47169271254441686,0.9210526315789473,2.3837248336846044,0.2298321177914213
cutting→bulk,0,Média móvel 7d,14,38,1.1390100250626531,0.47368421052631576,1.8181790268927358,-0.23888471177944873
cutting→bulk,0,Regressão linear 28d,14,38,0.4693519194303071,0.8947368421052632,2.09699470410607,0.2898911126093388
cutting→bulk,0,Último valor,14,38,0.9526315789473693,1.0,7.91657154896523,-0.11578947368420955
cutting→bulk,0,Combinação Kalman + Holt,30,37,1.0737979736514733,0.8918918918918919,5.285436700248005,0.6095394905959629
cutting→bulk,0,"GPR (linear + RBF, 60d)",30,37,1.4632308395591547,0.5945945945945946,2.9901991710216937,1.259424502840856
cutting→bulk,0,Holt amortecido,30,37,1.0301325227535245,0.918918918918919,5.535795230209934,0.3815319480157081
cutting→bulk,0,Kalman (tendência suave),30,37,1.205248445260785,0.7027027027027027,3.7845935374249606,0.8375470331762213
cutting→bulk,0,Média móvel 7d,30,37,1.9739124839124813,0.13513513513513514,1.7994456515313426,-0.37751608751608734
cutting→bulk,0,Regressão linear 28d,30,37,1.2836458514351097,0.6216216216216216,2.540666537751471,1.0829355831632799
cutting→bulk,0,Último valor,30,37,1.7513513513513532,1.0,11.584997811438646,-0.31351351351351414
cutting→bulk,1,Combinação Kalman + Holt,1,41,0.24675646116079766,0.975609756097561,1.6036399327490365,0.0036313987878322787
cutting→bulk,1,"GPR (linear + RBF, 60d)",1,41,0.23933100975229069,0.975609756097561,1.438181383623399,0.01375097943487308
cutting→bulk,1,Holt amortecido,1,41,0.2626621596880001,0.975609756097561,1.6315882375507769,-0.02518346076345571
cutting→bulk,1,Kalman (tendência suave),1,41,0.24004425088027057,0.975609756097561,1.5450990952818457,0.03244625833911992
cutting→bulk,1,Média móvel 7d,1,41,0.34470383275261646,0.9512195121951219,1.6507898635745775,-0.06173054587688779
cutting→bulk,1,Regressão linear 28d,1,41,0.24066319708508976,1.0,1.4744300798000203,0.05296302457690156
cutting→bulk,1,Último valor,1,41,0.38536585365853687,0.975609756097561,2.129656015428497,0.014634146341463277
cutting→bulk,1,Combinação Kalman + Holt,7,40,0.3301224581096228,0.95,2.015631971420992,0.06793492365476297
cutting→bulk,1,"GPR (linear + RBF, 60d)",7,40,0.36789196475291314,0.95,1.6513174369942356,0.1435883446755401
cutting→bulk,1,Holt amortecido,7,40,0.35163597722712725,0.975,2.061860093368508,0.006109410678031679
cutting→bulk,1,Kalman (tendência suave),7,40,0.32468687781400263,0.925,1.8281875335268367,0.12976043663149497
cutting→bulk,1,Média móvel 7d,7,40,0.7078333333333358,0.625,1.664636831554445,-0.12097619047619083
cutting→bulk,1,Regressão linear 28d,7,40,0.33524796358442577,0.925,1.5594053725950396,0.14662848927195107
cutting→bulk,1,Último valor,7,40,0.5775000000000009,1.0,5.676895936831311,-0.05250000000000021
cutting→bulk,1,Combinação Kalman + Holt,14,41,0.553679692788244,0.9024390243902439,2.83463836899975,0.21962112943774856
cutting→bulk,1,"GPR (linear + RBF, 60d)",14,41,0.7008397572798449,0.8536585365853658,2.0508984131108408,0.4464622397966292
cutting→bulk,1,Holt amortecido,14,41,0.5808774184304509,0.9024390243902439,2.89347189962214,0.099833126954204
cutting→bulk,1,Kalman (tendência suave),14,41,0.581459829715063,0.8536585365853658,2.36726581044253,0.33940913192129346
cutting→bulk,1,Média móvel 7d,14,41,1.1372009291521528,0.36585365853658536,1.6762624617511284,-0.12272938443670066
cutting→bulk,1,Regressão linear 28d,14,41,0.5922158918103129,0.8048780487804879,1.7087282315429242,0.3896430263529556
cutting→bulk,1,Último valor,14,41,0.9487804878048802,1.0,8.05769104230622,-0.04146341463414676
cutting→bulk,1,Combinação Kalman + Holt,30,37,1.2087516902742397,0.8378378378378378,5.038394856930397,0.6839485170574772
cutting→bulk,1,"GPR (linear + RBF, 60d)",30,37,1.7204702090558435,0.5675675675675675,2.8267543373739703,1.355329884407784
cutting→bulk,1,Holt amortecido,30,37,1.2462665661793422,0.7297297297297297,5.093886690984008,0.2966375852671582
cutting→bulk,1,Kalman (tendência suave),30,37,1.3412016877126653,0.6756756756756757,3.4879307141600893,1.0712594488477971
cutting→bulk,1,Média móvel 7d,30,37,2.0319948519948547,0.10810810810810811,1.6611241521899336,-0.5661518661518667
cutting→bulk,1,Regressão linear 28d,30,37,1.4470710522607895,0.5945945945945946,2.071681300836225,1.156974212058537
cutting→bulk,1,Último valor,30,37,1.81891891891892,1.0,11.886789024283512,-0.4297297297297299
cutting→bulk,2,Combinação Kalman + Holt,1,41,0.3715103528615244,0.9024390243902439,1.7506469694715414,-0.025657594493223055
cutting→bulk,2,"GPR (linear + RBF, 60d)",1,41,0.3647831782956426,0.9024390243902439,1.6262868718331287,-0.023637521860352326
cutting→bulk,2,Holt amortecido,1,41,0.36514897520632833,0.9024390243902439,1.7804683564633468,-0.025872190671124395
cutting→bulk,2,Kalman (tendência suave),1,41,0.3799970664871606,0.9024390243902439,1.7043747891301488,-0.025442998315323446
cutting→bulk,2,Média móvel 7d,1,41,0.42701509872241505,0.8780487804878049,1.8518326468296555,-0.07836236933797813
cutting→bulk,2,Regressão linear 28d,1,41,0.3603450291876396,0.9024390243902439,1.7654422180954836,0.010695359759471982
cutting→bulk,2,Último valor,1,41,0.4390243902439035,0.9512195121951219,2.10153716460563,-0.06829268292682643
cutting→bulk,2,Combinação Kalman + Holt,7,35,0.5535005939554866,0.8285714285714286,2.223060473355681,-0.050882641224357275
cutting→bulk,2,"GPR (linear + RBF, 60d)",7,35,0.5247342472057999,0.8571428571428571,1.8449157116109696,-0.011525664535529603
cutting→bulk,2,Holt amortecido,7,35,0.5740481789404482,0.8285714285714286,2.3129796386661714,-0.06716181151997976
cutting→bulk,2,Kalman (tendência suave),7,35,0.5355012177644,0.8571428571428571,2.0335387859575325,-0.034603470928733567
cutting→bulk,2,Média móvel 7d,7,35,0.8046870748299313,0.6285714285714286,1.8709398001029496,-0.12665986394557852
cutting→bulk,2,Regressão linear 28d,7,35,0.5414654256852539,0.8285714285714286,1.8748651606721223,0.036696911406848796
cutting→bulk,2,Último valor,7,35,0.802857142857143,1.0,5.565068229335868,-0.1742857142857121
cutting→bulk,2,Combinação Kalman + Holt,14,37,0.715358367775438,0.8918918918918919,3.1131592505327665,0.06100263646526769
cutting→bulk,2,"GPR (linear + RBF, 60d)",14,37,0.6293011808975775,0.8648648648648649,2.152051211013609,0.1361439089726379
cutting→bulk,2,Holt amortecido,14,37,0.729674988418986,0.9459459459459459,3.3384375659345498,0.014745998754544626
cutting→bulk,2,Kalman (tendência suave),14,37,0.704612644488454,0.8378378378378378,2.537313395873943,0.1072592741759896
cutting→bulk,2,Média móvel 7d,14,37,1.1475933075933067,0.4594594594594595,1.853119668699845,-0.3170913770913778
cutting→bulk,2,Regressão linear 28d,14,37,0.7004151094528865,0.7837837837837838,2.0519902983009817,0.25302654272774966
cutting→bulk,2,Último valor,14,37,1.0216216216216232,1.0,7.924052758017343,-0.24864864864864641
cutting→bulk,2,Combinação Kalman + Holt,30,27,1.2959466668551958,0.8888888888888888,6.135622744411427,0.6194034244721167
cutting→bulk,2,"GPR (linear + RBF, 60d)",30,27,1.4505104970533065,0.6666666666666666,3.236907638750828,1.0790310484745687
cutting→bulk,2,Holt amortecido,30,27,1.311525375713185,0.9259259259259259,6.508597509491745,0.4723984571438762
cutting→bulk,2,Kalman (tendência suave),30,27,1.3523801388611019,0.7037037037037037,4.432398580838956,0.7664083918003562
cutting→bulk,2,Média móvel 7d,30,27,1.9872663139329778,0.1111111111111111,1.871825448077858,-0.07936507936508026
cutting→bulk,2,Regressão linear 28d,30,27,1.3472582612732926,0.6296296296296297,2.519641468578919,1.0530257426234524
cutting→bulk,2,Último valor,30,27,1.8185185185185189,1.0,11.615561196781565,-0.08518518518518298
cutting→bulk,3,Combinação Kalman + Holt,1,43,0.31416425926717756,0.9069767441860465,1.4631122146887023,0.0025864936446880803
cutting→bulk,3,"GPR (linear + RBF, 60d)",1,43,0.30552743217529843,0.9069767441860465,1.3998403218589865,0.04236274607408964
cutting→bulk,3,Holt amortecido,1,43,0.32723538096947286,0.9069767441860465,1.4657221073029618,-0.030926605282540025
cutting→bulk,3,Kalman (tendência suave),1,43,0.3042876243139019,0.9534883720930233,1.4210840059641658,0.036099592571913544
cutting→bulk,3,Média móvel 7d,1,43,0.42454042081949067,0.8837209302325582,1.6182224382596841,-0.10460686600221601
cutting→bulk,3,Regressão linear 28d,1,43,0.3399567474478874,0.9534883720930233,1.5092112931569903,0.03446923156956325
cutting→bulk,3,Último valor,1,43,0.38604651162790715,0.8837209302325582,1.8774481102994407,-0.023255813953489364
cutting→bulk,3,Combinação Kalman + Holt,7,40,0.4472631235996573,0.9,1.812566731682761,0.16187033551979368
cutting→bulk,3,"GPR (linear + RBF, 60d)",7,40,0.4486909296711367,0.825,1.6155733121546625,0.25645229881041376
cutting→bulk,3,Holt amortecido,7,40,0.4563509354127252,0.875,1.779728753138658,0.09803409928836011
cutting→bulk,3,Kalman (tendência suave),7,40,0.45846294625253525,0.9,1.709322387413978,0.22570657175122727
cutting→bulk,3,Média móvel 7d,7,40,0.7287142857142864,0.6,1.6228911692857189,-0.08090476190476288
cutting→bulk,3,Regressão linear 28d,7,40,0.48837186936509835,0.875,1.6062805623271827,0.23228594333077054
cutting→bulk,3,Último valor,7,40,0.577500000000002,1.0,4.96954250243772,0.01249999999999929
cutting→bulk,3,Combinação Kalman + Holt,14,40,0.5259389268047133,0.9,2.4922137986235824,0.19497321910848733
cutting→bulk,3,"GPR (linear + RBF, 60d)",14,40,0.6945697220035821,0.75,1.9048941788806963,0.4085180866738202
cutting→bulk,3,Holt amortecido,14,40,0.5660902028004855,0.85,2.4191736608022167,0.07613780617053507
cutting→bulk,3,Kalman (tendência suave),14,40,0.5307476727298113,0.85,2.188203765944671,0.31380863204643994
cutting→bulk,3,Média móvel 7d,14,40,1.1479999999999992,0.35,1.6203283162710342,-0.27566666666666784
cutting→bulk,3,Regressão linear 28d,14,40,0.49868658917852215,0.825,1.737866136414444,0.37190605221064243
cutting→bulk,3,Último valor,14,40,1.0075000000000003,1.0,7.035344925499118,-0.22250000000000086
cutting→bulk,3,Combinação Kalman + Holt,30,34,1.196397875065351,0.7647058823529411,4.588403252672743,0.7742515157552804
cutting→bulk,3,"GPR (linear + RBF, 60d)",30,34,1.6968217818114715,0.4411764705882353,2.661324794470151,1.3778064206649745
cutting→bulk,3,Holt amortecido,30,34,1.2152770111550018,0.7352941176470589,4.341597930167465,0.4152182294648007
cutting→bulk,3,Kalman (tendência suave),30,34,1.3958074207532325,0.6176470588235294,3.540422295650333,1.1332848020457622
cutting→bulk,3,Média móvel 7d,30,34,1.9171008403361331,0.11764705882352941,1.609670944519857,-0.5058403361344541
cutting→bulk,3,Regressão linear 28d,30,34,1.2734216229771462,0.6176470588235294,2.091571525117377,1.1641217831536963
cutting→bulk,3,Último valor,30,34,1.8352941176470594,1.0,10.314907938854915,-0.3882352941176471
cutting→bulk,4,Combinação Kalman + Holt,1,44,0.2700912625854835,1.0,1.5664429944205167,0.08566818310989953
cutting→bulk,4,"GPR (linear + RBF, 60d)",1,44,0.2703945742492234,1.0,1.4851629734098173,0.09001448002784329
cutting→bulk,4,Holt amortecido,1,44,0.26489002295258374,1.0,1.5572160475250831,0.061832589594553025
cutting→bulk,4,Kalman (tendência suave),1,44,0.28598092981521134,1.0,1.5411065936193118,0.10950377662524731
cutting→bulk,4,Média móvel 7d,1,44,0.3004112554112533,0.9772727272727273,1.6528570000739733,-0.004134199134201372
cutting→bulk,4,Regressão linear 28d,1,44,0.2835673875883018,1.0,1.6087429848431283,0.11665572242604744
cutting→bulk,4,Último valor,1,44,0.38181818181818145,0.9772727272727273,2.0473484286433563,0.06818181818181754
cutting→bulk,4,Combinação Kalman + Holt,7,42,0.3440492985339173,0.9523809523809523,1.837569593516768,0.10326687516055598
cutting→bulk,4,"GPR (linear + RBF, 60d)",7,42,0.4044508345361097,0.9047619047619048,1.6481142211364,0.1494711940626298
cutting→bulk,4,Holt amortecido,7,42,0.31205373333416425,0.9523809523809523,1.7797006796847152,0.06659312484786893
cutting→bulk,4,Kalman (tendência suave),7,42,0.3906750011336208,0.9047619047619048,1.8095606218266793,0.139940625473243
cutting→bulk,4,Média móvel 7d,7,42,0.6215192743764171,0.6666666666666666,1.6677405472428872,-0.08129251700680501
cutting→bulk,4,Regressão linear 28d,7,42,0.38996401179944296,0.8809523809523809,1.7053067958884423,0.1765462517164874
cutting→bulk,4,Último valor,7,42,0.4857142857142859,1.0,5.418347811650757,-0.004761904761905168
cutting→bulk,4,Combinação Kalman + Holt,14,39,0.4660581246638053,0.9230769230769231,2.405973969686531,0.12972878704637844
cutting→bulk,4,"GPR (linear + RBF, 60d)",14,39,0.4994465830019466,0.8717948717948718,1.9784054556039241,0.24498770047130428
cutting→bulk,4,Holt amortecido,14,39,0.4582075041192377,0.8717948717948718,2.294433524580238,0.0575770410126043
cutting→bulk,4,Kalman (tendência suave),14,39,0.4963060122404455,0.8717948717948718,2.2721015133259628,0.20188053308015297
cutting→bulk,4,Média móvel 7d,14,39,1.07083028083028,0.4358974358974359,1.6711627901186061,-0.28252747252747484
cutting→bulk,4,Regressão linear 28d,14,39,0.49980651996757275,0.8461538461538461,1.8365895543413722,0.2538305187965146
cutting→bulk,4,Último valor,14,39,0.894871794871795,1.0,7.657449803088914,-0.21794871794871867
cutting→bulk,4,Combinação Kalman + Holt,30,34,1.157195255499514,0.7941176470588235,4.348706499740754,0.6899785461074143
cutting→bulk,4,"GPR (linear + RBF, 60d)",30,34,1.6031644487544956,0.5882352941176471,3.025875790873881,1.228907452657429
cutting→bulk,4,Holt amortecido,30,34,1.086899723224128,0.7058823529411765,3.9771699940081437,0.4391942188996321
cutting→bulk,4,Kalman (tendência suave),30,34,1.3780042935512873,0.6764705882352942,3.682153172963574,0.9407628733151967
cutting→bulk,4,Média móvel 7d,30,34,1.96408963585434,0.058823529411764705,1.6508426112717642,-0.36145658263305586
cutting→bulk,4,Regressão linear 28d,30,34,1.308405593865568,0.6176470588235294,2.2113390401973456,1.0303907070848306
cutting→bulk,4,Último valor,30,34,1.752941176470588,1.0,11.233395664960428,-0.2529411764705897
perda lenta ruidosa,0,Combinação Kalman + Holt,1,38,0.6190379700223837,0.9210526315789473,3.206564342072017,-0.08330342863871727
perda lenta ruidosa,0,"GPR (linear + RBF, 60d)",1,38,0.6800692794723481,0.9210526315789473,3.151177100136396,-0.2206458325205625
perda lenta ruidosa,0,Holt amortecido,1,38,0.6467359400064087,0.9210526315789473,3.29387388953693,-0.11569073882897422
perda lenta ruidosa,0,Kalman (tendência suave),1,38,0.5999288102018249,0.9210526315789473,3.0672292509961157,-0.050916118448461806
perda lenta ruidosa,0,Média móvel 7d,1,38,0.6632080200501248,0.9210526315789473,3.2958326931157402,-0.1570175438596488
perda lenta ruidosa,0,Regressão linear 28d,1,38,0.6277505400314982,0.9210526315789473,3.5678261651348913,-0.041000286006745955
perda lenta ruidosa,0,Último valor,1,38,0.9421052631578931,0.9473684210526315,4.030010760969319,-0.2210526315789464
perda lenta ruidosa,0,Combinação Kalman + Holt,7,36,0.6868117203098234,0.9722222222222222,3.386574002188613,-0.153430725618663
perda lenta ruidosa,0,"GPR (linear + RBF, 60d)",7,36,0.7649849991947915,0.9444444444444444,3.2163571963564612,-0.3716373015184765
perda lenta ruidosa,0,Holt amortecido,7,36,0.7435906182885942,0.9722222222222222,3.549389832329801,-0.20231464092820892
perda lenta ruidosa,0,Kalman (tendência suave),7,36,0.6394796071848986,0.9166666666666666,3.1037628033507776,-0.10454681030911711
perda lenta ruidosa,0,Média móvel 7d,7,36,0.7496164021163997,0.9444444444444444,3.30748284902692,-0.38178571428571295
perda lenta ruidosa,0,Regressão linear 28d,7,36,0.7256458909723713,0.9444444444444444,3.7798424997724456,-0.0934940731722895
perda lenta ruidosa,0,Último valor,7,36,1.0083333333333333,1.0,10.627101694693547,-0.3916666666666661
perda lenta ruidosa,0,Combinação Kalman + Holt,14,38,0.6063408006107459,0.9736842105263158,3.7989618021289706,-0.08119816547718198
perda lenta ruidosa,0,"GPR (linear + RBF, 60d)",14,38,0.636897209602172,1.0,3.3411554580531524,-0.3721591587831479
perda lenta ruidosa,0,Holt amortecido,14,38,0.6646583230461649,0.9736842105263158,4.163377668939063,-0.15660909703856873
perda lenta ruidosa,0,Kalman (tendência suave),14,38,0.5759912946041394,1.0,3.1591640270692514,-0.005787233915796345
perda lenta ruidosa,0,Média móvel 7d,14,38,0.6965664160400987,1.0,3.3220302581427124,-0.4660902255639094
perda lenta ruidosa,0,Regressão linear 28d,14,38,0.5858796526060792,1.0,4.062670232848661,0.02401209461416667
perda lenta ruidosa,0,Último valor,14,38,0.8921052631578948,1.0,15.0834962804152,-0.27631578947368274
perda lenta ruidosa,0,Combinação Kalman + Holt,30,37,0.8172442252193018,0.9459459459459459,5.357497889866764,-0.14490707670158504
perda lenta ruidosa,0,"GPR (linear + RBF, 60d)",30,37,0.9598734474491804,0.8648648648648649,3.637121921112622,-0.6142062495474663
perda lenta ruidosa,0,Holt amortecido,30,37,0.9490381154284822,0.9459459459459459,6.205688791246363,-0.3721824587055737
perda lenta ruidosa,0,Kalman (tendência suave),30,37,0.7280287079926016,0.918918918918919,3.359312210010025,0.08236830530240519
perda lenta ruidosa,0,Média móvel 7d,30,37,1.0825997425997431,0.7837837837837838,3.306641623589134,-0.8851737451737449
perda lenta ruidosa,0,Regressão linear 28d,30,37,1.0053581537645218,0.9459459459459459,4.8724060425227,0.1836380737059542
perda lenta ruidosa,0,Último valor,30,37,1.264864864864866,1.0,22.025674702490615,-0.8486486486486488
perda lenta ruidosa,1,Combinação Kalman + Holt,1,41,0.4283746578267542,0.975609756097561,3.000806945678573,-0.035713483887354035
perda lenta ruidosa,1,"GPR (linear + RBF, 60d)",1,41,0.4567562735286023,0.975609756097561,2.7412438363900384,-0.14885866037044182
perda lenta ruidosa,1,Holt amortecido,1,41,0.44859820003031087,0.975609756097561,3.0885492938184944,-0.09665483145788231
perda lenta ruidosa,1,Kalman (tendência suave),1,41,0.4152484529847704,0.975609756097561,2.871585882034589,0.02522786368317528
perda lenta ruidosa,1,Média móvel 7d,1,41,0.48752613240418163,0.975609756097561,2.944478156601649,-0.13523809523809613
perda lenta ruidosa,1,Regressão linear 28d,1,41,0.4498556923472716,0.975609756097561,2.832805766816072,0.00354282504523262
perda lenta ruidosa,1,Último valor,1,41,0.753658536585365,0.975609756097561,4.236658375328823,0.03658536585365888
perda lenta ruidosa,1,Combinação Kalman + Holt,7,40,0.4685113135279863,1.0,3.1701165889279284,-0.07389155147554191
perda lenta ruidosa,1,"GPR (linear + RBF, 60d)",7,40,0.527244979896809,0.975,2.8190572882376324,-0.21418931689924037
perda lenta ruidosa,1,Holt amortecido,7,40,0.5342205832529224,1.0,3.3090513498745247,-0.17413358433732712
perda lenta ruidosa,1,Kalman (tendência suave),7,40,0.4205402083020463,0.975,2.9230436375516446,0.02635048138624434
perda lenta ruidosa,1,Média móvel 7d,7,40,0.5567142857142858,0.975,2.96573640305811,-0.31823809523809565
perda lenta ruidosa,1,Regressão linear 28d,7,40,0.4706153059981343,1.0,3.0050911519032963,-0.018275787149523735
perda lenta ruidosa,1,Último valor,7,40,0.7549999999999993,1.0,11.295760499298543,-0.15500000000000078
perda lenta ruidosa,1,Combinação Kalman + Holt,14,41,0.4775390235224847,0.975609756097561,3.4424138661643973,-0.021446343792129043
perda lenta ruidosa,1,"GPR (linear + RBF, 60d)",14,41,0.5323876943325447,0.9512195121951219,2.8931398442150718,-0.2074385109320194
perda lenta ruidosa,1,Holt amortecido,14,41,0.5420563710799724,0.975609756097561,3.641174180965655,-0.20930750980442786
perda lenta ruidosa,1,Kalman (tendência suave),14,41,0.47945704311673104,0.975609756097561,2.990790870886197,0.16641482222016976
perda lenta ruidosa,1,Média móvel 7d,14,41,0.6324738675958198,0.926829268292683,2.987875055139427,-0.4488037166085959
perda lenta ruidosa,1,Regressão linear 28d,14,41,0.5168343055430368,0.9512195121951219,3.2904913417353603,0.037746953664730555
perda lenta ruidosa,1,Último valor,14,41,0.7365853658536579,1.0,16.041550829735982,-0.29756097560975686
perda lenta ruidosa,1,Combinação Kalman + Holt,30,37,0.6272489370557429,1.0,4.374975723796827,-0.291550683469771
perda lenta ruidosa,1,"GPR (linear + RBF, 60d)",30,37,0.7840478622785085,0.918918918918919,3.179021763092015,-0.5651969836364616
perda lenta ruidosa,1,Holt amortecido,30,37,0.826814202534446,0.972972972972973,4.70951568891472,-0.6666747033348028
perda lenta ruidosa,1,Kalman (tendência suave),30,37,0.5540109797972982,0.972972972972973,3.2148386840541248,0.08357333639526171
perda lenta ruidosa,1,Média móvel 7d,30,37,1.1129858429858444,0.6756756756756757,3.0649290051093763,-1.05815958815959
perda lenta ruidosa,1,Regressão linear 28d,30,37,0.8010359722332179,0.9459459459459459,4.002266690943491,-0.08965825292447153
perda lenta ruidosa,1,Último valor,30,37,0.9945945945945945,1.0,23.693637456311546,-0.9189189189189193
perda lenta ruidosa,2,Combinação Kalman + Holt,1,41,0.6454477195653202,0.9024390243902439,3.286739322720031,-0.15878124098407914
perda lenta ruidosa,2,"GPR (linear + RBF, 60d)",1,41,0.6932377230144725,0.8780487804878049,3.096503394689798,-0.3218165313800297
perda lenta ruidosa,2,Holt amortecido,1,41,0.6656809199324538,0.926829268292683,3.3493862587579497,-0.22979145999756326
perda lenta ruidosa,2,Kalman (tendência suave),1,41,0.6440005964320027,0.9024390243902439,3.1608744669292324,-0.0877710219705964
perda lenta ruidosa,2,Média móvel 7d,1,41,0.7206736353077814,0.9024390243902439,3.365439163818289,-0.22585365853658584
perda lenta ruidosa,2,Regressão linear 28d,1,41,0.6601722899524993,0.9024390243902439,3.4347035374059605,-0.10896687288103951
perda lenta ruidosa,2,Último valor,1,41,0.8560975609756103,0.926829268292683,4.146814182180287,-0.1682926829268301
perda lenta ruidosa,2,Combinação Kalman + Holt,7,35,0.869527185108119,0.8857142857142857,3.4995651539005665,-0.2820355368503284
perda lenta ruidosa,2,"GPR (linear + RBF, 60d)",7,35,0.9705820114744999,0.8285714285714286,3.2275272127231873,-0.5296221656886502
perda lenta ruidosa,2,Holt amortecido,7,35,0.9350109561766414,0.8571428571428571,3.6170595319034815,-0.42779598477353764
perda lenta ruidosa,2,Kalman (tendência suave),7,35,0.8165358594798687,0.9142857142857143,3.216887976103403,-0.13627508892712156
perda lenta ruidosa,2,Média móvel 7d,7,35,0.916952380952383,0.8285714285714286,3.3726516538122815,-0.47882993197279
perda lenta ruidosa,2,Regressão linear 28d,7,35,0.8930340926079708,0.8857142857142857,3.6389239562262334,-0.2086776491024608
perda lenta ruidosa,2,Último valor,7,35,1.1942857142857142,1.0,10.982426633022296,-0.5314285714285717
perda lenta ruidosa,2,Combinação Kalman + Holt,14,37,0.7989468578678722,1.0,3.885472754616802,-0.3911219451508303
perda lenta ruidosa,2,"GPR (linear + RBF, 60d)",14,37,0.9171911826891394,0.8918918918918919,3.331305137716559,-0.6359222749708414
perda lenta ruidosa,2,Holt amortecido,14,37,0.9271001746457751,1.0,4.13105298352688,-0.6055558645860523
perda lenta ruidosa,2,Kalman (tendência suave),14,37,0.7199624130167424,0.972972972972973,3.3135183223480706,-0.17668802571560988
perda lenta ruidosa,2,Média móvel 7d,14,37,0.9774259974259989,0.918918918918919,3.385538573769869,-0.7368854568854583
perda lenta ruidosa,2,Regressão linear 28d,14,37,0.7725237346979044,0.9459459459459459,3.9618754575386053,-0.21345298758850034
perda lenta ruidosa,2,Último valor,14,37,1.1297297297297297,1.0,15.626373646346456,-0.6324324324324337
perda lenta ruidosa,2,Combinação Kalman + Holt,30,27,0.6673117479639453,1.0,4.936081637525031,-0.5178288074051038
perda lenta ruidosa,2,"GPR (linear + RBF, 60d)",30,27,0.8743159320321652,0.8888888888888888,3.5466554369416285,-0.7541266923688499
perda lenta ruidosa,2,Holt amortecido,30,27,0.9648324510310752,1.0,5.388353427985891,-0.9517371216297692
perda lenta ruidosa,2,Kalman (tendência suave),30,27,0.6253983116624885,1.0,3.4777149172256987,-0.08392049318043947
perda lenta ruidosa,2,Média móvel 7d,30,27,1.0903880070546768,0.8518518518518519,3.415941724452281,-1.08298059964727
perda lenta ruidosa,2,Regressão linear 28d,30,27,0.5918989786480034,1.0,4.848996903598671,-0.10942854972296819
perda lenta ruidosa,2,Último valor,30,27,1.2259259259259272,1.0,22.89092822586726,-1.1296296296296302
perda lenta ruidosa,3,Combinação Kalman + Holt,1,43,0.6170030093306372,0.9302325581395349,2.6793353663946986,-0.11933826635180797
perda lenta ruidosa,3,"GPR (linear + RBF, 60d)",1,43,0.6550388845299021,0.9302325581395349,2.6564893597668813,-0.22953772863731994
perda lenta ruidosa,3,Holt amortecido,1,43,0.6417346658267263,0.9069767441860465,2.6775821474148502,-0.17430030253927192
perda lenta ruidosa,3,Kalman (tendência suave),1,43,0.6001616949884261,0.9534883720930233,2.643647580568822,-0.06437623016434434
perda lenta ruidosa,3,Média móvel 7d,1,43,0.6365337763012147,0.9302325581395349,2.8353625416607966,-0.21062015503875817
perda lenta ruidosa,3,Regressão linear 28d,1,43,0.6067414921767208,0.9534883720930233,2.940054733041953,-0.0761875254539002
perda lenta ruidosa,3,Último valor,1,43,0.7465116279069762,0.8837209302325582,3.6038083186827627,-0.06744186046511741
perda lenta ruidosa,3,Combinação Kalman + Holt,7,40,0.6323346705606443,0.925,2.7896045565524443,-0.03300000442188953
perda lenta ruidosa,3,"GPR (linear + RBF, 60d)",7,40,0.684500643478739,0.925,2.731572560239317,-0.1985285285492889
perda lenta ruidosa,3,Holt amortecido,7,40,0.6372964086269576,0.9,2.7494608432204948,-0.12170015390711483
perda lenta ruidosa,3,Kalman (tendência suave),7,40,0.6406999509459738,0.925,2.7406935968290895,0.055700145063336495
perda lenta ruidosa,3,Média móvel 7d,7,40,0.6861785714285726,0.875,2.8277265956740605,-0.27665476190476035
perda lenta ruidosa,3,Regressão linear 28d,7,40,0.6707489363312625,0.975,3.096161484319368,0.03686562877220752
perda lenta ruidosa,3,Último valor,7,40,0.807500000000001,1.0,9.53442245626502,-0.09750000000000085
perda lenta ruidosa,3,Combinação Kalman + Holt,14,40,0.6019130056250447,0.95,3.002648083440021,-0.05770026900733498
perda lenta ruidosa,3,"GPR (linear + RBF, 60d)",14,40,0.6834560822098282,0.925,2.8347141682451613,-0.2994293563823568
perda lenta ruidosa,3,Holt amortecido,14,40,0.6191613625376625,0.925,2.904424041576688,-0.2022904730615437
perda lenta ruidosa,3,Kalman (tendência suave),14,40,0.6212393853146047,0.95,2.8905710400576368,0.08688993504687374
perda lenta ruidosa,3,Média móvel 7d,14,40,0.7406309523809501,0.85,2.832774358519745,-0.5037261904761887
perda lenta ruidosa,3,Regressão linear 28d,14,40,0.5369403439401964,0.975,3.3501477308805834,0.04780744934541801
perda lenta ruidosa,3,Último valor,14,40,0.8500000000000011,1.0,13.480758472522457,-0.45500000000000007
perda lenta ruidosa,3,Combinação Kalman + Holt,30,34,0.7922025058785837,0.9411764705882353,3.78580524695498,-0.2646572487817217
perda lenta ruidosa,3,"GPR (linear + RBF, 60d)",30,34,0.872738272914646,0.7941176470588235,3.1312222656888715,-0.6302016820680248
perda lenta ruidosa,3,Holt amortecido,30,34,0.8457461052216293,0.7941176470588235,3.46045045387596,-0.5241677390942269
perda lenta ruidosa,3,Kalman (tendência suave),30,34,0.8536371849838121,0.9411764705882353,3.4867187397410344,-0.005146758469218284
perda lenta ruidosa,3,Média móvel 7d,30,34,1.1325630252100827,0.6470588235294118,2.833521232480757,-1.1080532212885128
perda lenta ruidosa,3,Regressão linear 28d,30,34,0.7557946862521009,0.9705882352941176,4.044653206199808,-0.0027456254435315776
perda lenta ruidosa,3,Último valor,30,34,1.1176470588235294,1.0,19.718731517218686,-1.0
perda lenta ruidosa,4,Combinação Kalman + Holt,1,44,0.5409887430269077,1.0,2.889966250029252,-0.012458198331690666
perda lenta ruidosa,4,"GPR (linear + RBF, 60d)",1,44,0.5200447343781476,1.0,2.8537850874204618,-0.07138398947332741
perda lenta ruidosa,4,Holt amortecido,1,44,0.5488260347651578,1.0,2.8418056257247035,-0.06947101253577515
perda lenta ruidosa,4,Kalman (tendência suave),1,44,0.5429446059974681,1.0,2.879492649745208,0.044554615872394135
perda lenta ruidosa,4,Média móvel 7d,1,44,0.5310822510822514,0.9772727272727273,3.0024820816544433,-0.019047619047618335
perda lenta ruidosa,4,Regressão linear 28d,1,44,0.5292222110980624,1.0,3.1235265362284923,0.08832697328452968
perda lenta ruidosa,4,Último valor,1,44,0.781818181818182,0.9772727272727273,4.0003276889444255,0.11363636363636363
perda lenta ruidosa,4,Combinação Kalman + Holt,7,42,0.6276371223260426,0.9761904761904762,2.9536771395591006,-0.10803089297515067
perda lenta ruidosa,4,"GPR (linear + RBF, 60d)",7,42,0.6120547457044552,0.9761904761904762,2.9197793390039815,-0.2132933398651541
perda lenta ruidosa,4,Holt amortecido,7,42,0.6226840083032853,0.9523809523809523,2.861344015700593,-0.18451751683482376
perda lenta ruidosa,4,Kalman (tendência suave),7,42,0.6460556507255382,0.9523809523809523,2.9357979127146314,-0.03154426911547588
perda lenta ruidosa,4,Média móvel 7d,7,42,0.6155668934240358,0.9523809523809523,3.0005856956746646,-0.2781746031746019
perda lenta ruidosa,4,Regressão linear 28d,7,42,0.6199863613981119,0.9523809523809523,3.31697803898242,0.041243404931583155
perda lenta ruidosa,4,Último valor,7,42,0.7928571428571425,1.0,10.588687147525619,-0.1261904761904758
perda lenta ruidosa,4,Combinação Kalman + Holt,14,39,0.5647646066545283,0.9743589743589743,3.0631337745043687,-0.31163565758026324
perda lenta ruidosa,4,"GPR (linear + RBF, 60d)",14,39,0.6633375333963286,0.9230769230769231,2.9934377083498545,-0.44733733987638363
perda lenta ruidosa,4,Holt amortecido,14,39,0.6325950288342159,0.8974358974358975,2.8903776307002986,-0.44389993133772776
perda lenta ruidosa,4,Kalman (tendência suave),14,39,0.5495614264247414,0.9743589743589743,3.014645357466035,-0.1793713838227962
perda lenta ruidosa,4,Média móvel 7d,14,39,0.7736874236874223,0.8974358974358975,3.006817088750886,-0.6317826617826611
perda lenta ruidosa,4,Regressão linear 28d,14,39,0.607859381122087,0.9743589743589743,3.5655747506762316,-0.08894517272184671
perda lenta ruidosa,4,Último valor,14,39,0.8564102564102555,1.0,14.944691258048064,-0.5384615384615381
perda lenta ruidosa,4,Combinação Kalman + Holt,30,34,0.731902215644814,1.0,3.5867774701610875,-0.3847396738498148
perda lenta ruidosa,4,"GPR (linear + RBF, 60d)",30,34,0.8438992766012001,0.9705882352941176,3.2623317433480206,-0.641095506928424
perda lenta ruidosa,4,Holt amortecido,30,34,0.7951255173029695,0.8823529411764706,2.9896595585008887,-0.6572894946096242
perda lenta ruidosa,4,Kalman (tendência suave),30,34,0.7994072886674234,0.9705882352941176,3.4374976178232903,-0.11218985309000662
perda lenta ruidosa,4,Média móvel 7d,30,34,1.1328291316526613,0.6764705882352942,3.002718956946914,-1.0354621848739485
perda lenta ruidosa,4,Regressão linear 28d,30,34,0.719498465394944,0.9705882352941176,4.253755335745234,-0.12082395290636161
perda lenta ruidosa,4,Último valor,30,34,1.0647058823529412,1.0,21.909788950055745,-0.9117647058823525
